"날짜","종가","시가","고가","저가","변동 %"
"1982- 06- 01","69.56","72.06","72.09","68.03","-3.72%"
"1982- 07- 01","72.34","69.75","73.09","69.16","4.00%"
"1982- 08- 01","76.06","73.31","79.22","71.53","5.14%"
"1982- 09- 01","78.81","76.00","79.19","76.00","3.62%"
"1982- 10- 01","83.66","78.91","85.25","78.22","6.15%"
"1982- 11- 01","82.88","83.88","85.34","82.66","-0.93%"
"1982- 12- 01","84.06","83.19","85.25","82.72","1.42%"
"1983- 01- 01","82.81","84.44","85.66","82.66","-1.49%"
"1983- 02- 01","85.94","82.78","86.66","81.91","3.78%"
"1983- 03- 01","84.31","85.94","86.91","83.69","-1.90%"
"1983- 04- 01","86.50","84.38","86.66","84.34","2.60%"
"1983- 05- 01","83.66","86.72","87.28","83.47","-3.28%"
"1983- 06- 01","82.59","83.62","84.81","81.41","-1.28%"
"1983- 07- 01","78.94","82.47","82.69","78.72","-4.42%"
"1983- 08- 01","78.78","79.00","81.22","77.44","-0.20%"
"1983- 09- 01","81.06","78.94","81.38","78.69","2.89%"
"1983- 10- 01","79.66","81.19","81.91","79.62","-1.73%"
"1983- 11- 01","80.50","79.56","80.88","79.03","1.05%"
"1983- 12- 01","79.06","80.44","80.50","78.75","-1.79%"
"1984- 01- 01","80.06","78.84","80.47","78.62","1.26%"
"1984- 02- 01","78.88","80.06","80.59","78.41","-1.47%"
"1984- 03- 01","76.06","78.62","79.16","75.75","-3.58%"
"1984- 04- 01","75.09","76.19","76.88","74.91","-1.28%"
"1984- 05- 01","71.16","75.12","75.28","70.53","-5.23%"
"1984- 06- 01","71.16","71.44","74.38","71.06","0.00%"
"1984- 07- 01","75.31","71.12","75.56","70.97","5.83%"
"1984- 08- 01","75.69","75.19","76.84","75.19","0.50%"
"1984- 09- 01","76.75","75.50","78.12","74.81","1.40%"
"1984- 10- 01","79.66","76.69","80.19","76.31","3.79%"
"1984- 11- 01","80.50","79.62","82.44","78.94","1.05%"
"1984- 12- 01","79.84","80.44","82.06","79.16","-0.82%"
"1985- 01- 01","82.12","79.84","83.00","79.03","2.86%"
"1985- 02- 01","78.75","81.84","81.88","78.50","-4.10%"
"1985- 03- 01","79.44","78.44","79.72","78.03","0.88%"
"1985- 04- 01","81.06","79.31","82.25","78.72","2.04%"
"1985- 05- 01","86.75","80.91","86.84","80.84","7.02%"
"1985- 06- 01","85.88","87.28","89.56","84.41","-1.00%"
"1985- 07- 01","84.59","86.34","87.81","83.66","-1.50%"
"1985- 08- 01","86.59","85.00","87.75","84.06","2.36%"
"1985- 09- 01","85.69","86.44","87.50","84.94","-1.04%"
"1985- 10- 01","87.84","85.62","88.34","84.84","2.51%"
"1985- 11- 01","90.22","87.47","90.50","87.31","2.71%"
"1985- 12- 01","92.91","90.12","93.56","89.31","2.98%"
"1986- 01- 01","93.00","92.75","93.62","90.00","0.10%"
"1986- 02- 01","98.91","93.22","100.50","91.62","6.35%"
"1986- 03- 01","102.75","98.75","102.81","98.31","3.88%"
"1986- 04- 01","102.25","103.25","105.25","100.56","-0.49%"
"1986- 05- 01","97.72","102.19","102.41","97.38","-4.43%"
"1986- 06- 01","101.25","97.88","101.50","95.59","3.61%"
"1986- 07- 01","101.81","101.50","102.88","100.00","0.55%"
"1986- 08- 01","104.97","101.88","105.16","100.72","3.10%"
"1986- 09- 01","101.53","104.66","105.00","100.09","-3.28%"
"1986- 10- 01","103.09","101.69","103.66","100.56","1.54%"
"1986- 11- 01","104.09","103.22","104.50","101.88","0.97%"
"1986- 12- 01","103.31","103.75","105.41","103.25","-0.75%"
"1987- 01- 01","104.19","103.41","105.12","103.38","0.85%"
"1987- 02- 01","104.69","103.97","104.91","102.91","0.48%"
"1987- 03- 01","102.31","105.00","105.19","101.56","-2.27%"
"1987- 04- 01","97.75","101.75","102.28","95.06","-4.46%"
"1987- 05- 01","96.28","97.50","98.03","93.19","-1.50%"
"1987- 06- 01","96.28","97.09","98.31","94.69","0.00%"
"1987- 07- 01","95.19","96.41","97.31","95.03","-1.13%"
"1987- 08- 01","93.25","94.47","96.06","92.69","-2.04%"
"1987- 09- 01","89.03","93.25","93.50","88.75","-4.53%"
"1987- 10- 01","93.31","89.25","94.94","84.88","4.81%"
"1987- 11- 01","93.19","93.03","95.03","92.19","-0.13%"
"1987- 12- 01","93.62","93.19","94.38","91.41","0.46%"
"1988- 01- 01","97.88","93.31","97.94","92.50","4.55%"
"1988- 02- 01","98.44","98.31","98.91","96.94","0.57%"
"1988- 03- 01","95.41","98.56","99.00","94.84","-3.08%"
"1988- 04- 01","93.91","94.47","95.97","93.62","-1.57%"
"1988- 05- 01","92.06","93.78","94.00","91.47","-1.97%"
"1988- 06- 01","94.09","92.41","95.47","92.31","2.21%"
"1988- 07- 01","92.50","94.06","94.56","92.00","-1.69%"
"1988- 08- 01","92.06","92.47","93.50","90.56","-0.48%"
"1988- 09- 01","94.28","92.09","94.88","91.91","2.41%"
"1988- 10- 01","95.81","94.28","95.84","94.09","1.62%"
"1988- 11- 01","93.34","95.62","95.94","92.44","-2.58%"
"1988- 12- 01","92.72","93.34","94.38","92.25","-0.66%"
"1989- 01- 01","93.66","92.47","94.38","91.88","1.01%"
"1989- 02- 01","91.72","93.75","94.31","91.09","-2.07%"
"1989- 03- 01","91.94","91.81","92.34","90.41","0.24%"
"1989- 04- 01","93.62","92.22","93.94","91.62","1.83%"
"1989- 05- 01","95.97","93.31","96.34","92.50","2.51%"
"1989- 06- 01","98.97","96.00","99.22","95.72","3.13%"
"1989- 07- 01","101.22","99.16","101.25","98.56","2.27%"
"1989- 08- 01","98.00","101.31","102.25","97.41","-3.18%"
"1989- 09- 01","97.62","97.91","99.47","97.12","-0.39%"
"1989- 10- 01","100.00","97.69","101.62","97.62","2.44%"
"1989- 11- 01","100.50","100.06","101.12","99.44","0.50%"
"1989- 12- 01","99.75","100.50","101.22","99.41","-0.75%"
"1990- 01- 01","97.00","99.59","99.94","95.97","-2.76%"
"1990- 02- 01","96.41","97.00","97.81","95.22","-0.61%"
"1990- 03- 01","95.44","96.34","96.72","94.94","-1.01%"
"1990- 04- 01","93.25","95.47","96.62","92.91","-2.29%"
"1990- 05- 01","95.94","93.41","96.22","92.81","2.88%"
"1990- 06- 01","97.00","95.94","97.47","95.81","1.10%"
"1990- 07- 01","97.53","97.03","97.78","95.62","0.55%"
"1990- 08- 01","94.50","97.56","98.16","93.03","-3.11%"
"1990- 09- 01","94.62","94.16","95.12","93.00","0.13%"
"1990- 10- 01","95.75","94.81","96.19","93.81","1.19%"
"1990- 11- 01","97.94","95.72","98.22","95.72","2.29%"
"1990- 12- 01","98.75","98.16","100.38","97.69","0.83%"
"1991- 01- 01","99.41","98.94","99.97","97.56","0.67%"
"1991- 02- 01","99.31","99.47","101.09","99.19","-0.10%"
"1991- 03- 01","98.75","99.16","99.56","97.28","-0.56%"
"1991- 04- 01","99.28","98.56","99.81","98.28","0.54%"
"1991- 05- 01","99.09","99.34","99.88","98.09","-0.19%"
"1991- 06- 01","97.50","99.06","99.06","96.66","-1.60%"
"1991- 07- 01","98.47","97.59","98.47","96.78","0.99%"
"1991- 08- 01","100.78","98.56","101.50","98.19","2.35%"
"1991- 09- 01","102.59","100.94","102.66","100.44","1.80%"
"1991- 10- 01","102.97","102.66","103.22","101.16","0.37%"
"1991- 11- 01","103.47","102.91","104.00","102.19","0.49%"
"1991- 12- 01","107.28","103.50","107.53","103.47","3.68%"
"1992- 01- 01","103.53","107.34","107.38","103.22","-3.50%"
"1992- 02- 01","104.16","103.66","105.12","102.31","0.61%"
"1992- 03- 01","101.69","104.16","104.28","100.88","-2.37%"
"1992- 04- 01","101.72","101.72","103.50","101.50","0.03%"
"1992- 05- 01","103.81","101.84","104.81","101.84","2.05%"
"1992- 06- 01","104.38","103.81","105.34","103.16","0.55%"
"1992- 07- 01","107.75","104.41","109.25","104.22","3.23%"
"1992- 08- 01","108.78","107.62","110.19","107.28","0.96%"
"1992- 09- 01","109.22","108.81","111.31","107.66","0.40%"
"1992- 10- 01","106.69","109.22","110.62","105.81","-2.32%"
"1992- 11- 01","106.12","106.69","107.31","105.41","-0.53%"
"1992- 12- 01","106.91","106.12","108.28","106.03","0.74%"
"1993- 01- 01","109.78","106.88","110.00","106.19","2.68%"
"1993- 02- 01","112.38","110.00","113.31","109.38","2.37%"
"1993- 03- 01","111.19","112.69","114.75","110.41","-1.06%"
"1993- 04- 01","112.00","111.19","113.41","110.22","0.73%"
"1993- 05- 01","111.72","112.19","113.22","111.22","-0.25%"
"1993- 06- 01","113.31","111.72","113.66","111.72","1.42%"
"1993- 07- 01","113.28","113.31","114.41","112.00","-0.03%"
"1993- 08- 01","115.72","113.28","115.94","112.75","2.15%"
"1993- 09- 01","115.38","115.72","117.28","114.72","-0.29%"
"1993- 10- 01","115.09","115.47","117.12","114.59","-0.25%"
"1993- 11- 01","113.34","115.06","115.09","112.66","-1.52%"
"1993- 12- 01","112.66","113.28","114.62","112.53","-0.60%"
"1994- 01- 01","114.31","112.69","114.81","111.94","1.46%"
"1994- 02- 01","111.09","114.28","114.34","110.53","-2.82%"
"1994- 03- 01","106.28","111.12","111.22","105.72","-4.33%"
"1994- 04- 01","105.31","106.62","106.97","103.84","-0.91%"
"1994- 05- 01","104.97","105.38","106.41","102.56","-0.32%"
"1994- 06- 01","102.97","105.00","107.28","102.94","-1.91%"
"1994- 07- 01","105.16","102.97","105.25","102.16","2.13%"
"1994- 08- 01","105.25","104.91","105.75","103.38","0.09%"
"1994- 09- 01","101.47","105.22","106.12","101.06","-3.59%"
"1994- 10- 01","100.66","101.44","102.28","99.88","-0.80%"
"1994- 11- 01","100.25","100.66","100.97","99.06","-0.41%"
"1994- 12- 01","99.94","100.16","101.34","99.53","-0.31%"
"1995- 01- 01","101.69","99.97","101.78","99.19","1.75%"
"1995- 02- 01","104.38","101.75","104.38","101.12","2.65%"
"1995- 03- 01","103.91","104.38","105.69","102.97","-0.45%"
"1995- 04- 01","105.31","103.94","105.97","103.84","1.35%"
"1995- 05- 01","110.25","105.31","110.34","105.12","4.69%"
"1995- 06- 01","110.09","110.31","113.19","109.34","-0.15%"
"1995- 07- 01","108.91","110.16","111.97","108.03","-1.07%"
"1995- 08- 01","109.97","108.91","110.06","107.22","0.97%"
"1995- 09- 01","110.25","110.00","111.16","108.81","0.25%"
"1995- 10- 01","111.53","110.12","111.97","110.09","1.16%"
"1995- 11- 01","113.22","111.44","113.38","111.31","1.52%"
"1995- 12- 01","114.59","113.31","114.69","112.12","1.21%"
"1996- 01- 01","114.84","114.56","115.31","113.06","0.22%"
"1996- 02- 01","111.47","114.88","115.44","110.91","-2.93%"
"1996- 03- 01","108.91","111.59","112.84","108.22","-2.30%"
"1996- 04- 01","107.50","108.94","109.56","106.22","-1.29%"
"1996- 05- 01","106.50","107.47","108.00","105.88","-0.93%"
"1996- 06- 01","107.50","106.50","107.69","105.31","0.94%"
"1996- 07- 01","107.12","107.50","107.66","104.91","-0.35%"
"1996- 08- 01","106.16","107.16","109.47","105.75","-0.90%"
"1996- 09- 01","107.28","106.00","107.94","105.47","1.06%"
"1996- 10- 01","109.62","107.28","109.91","107.19","2.18%"
"1996- 11- 01","111.50","109.62","111.53","109.38","1.72%"
"1996- 12- 01","109.12","111.53","111.78","109.06","-2.13%"
"1997- 01- 01","108.78","109.12","109.34","107.56","-0.31%"
"1997- 02- 01","108.34","108.88","110.53","108.09","-0.40%"
"1997- 03- 01","105.50","108.25","108.44","105.41","-2.62%"
"1997- 04- 01","106.97","105.53","107.25","105.06","1.39%"
"1997- 05- 01","107.53","107.09","107.75","106.53","0.52%"
"1997- 06- 01","107.88","107.62","109.16","107.41","0.33%"
"1997- 07- 01","111.00","107.94","111.09","107.78","2.89%"
"1997- 08- 01","109.03","111.03","111.12","108.41","-1.77%"
"1997- 09- 01","110.12","109.09","110.81","108.72","1.00%"
"1997- 10- 01","111.75","110.16","112.38","109.53","1.48%"
"1997- 11- 01","111.62","111.69","112.00","110.97","-0.12%"
"1997- 12- 01","112.16","111.53","112.88","110.25","0.48%"
"1998- 01- 01","113.72","112.19","115.25","112.12","1.39%"
"1998- 02- 01","112.69","113.72","114.00","112.09","-0.91%"
"1998- 03- 01","112.38","112.75","113.38","111.50","-0.28%"
"1998- 04- 01","112.31","112.41","114.09","111.34","-0.06%"
"1998- 05- 01","112.97","112.31","113.16","111.75","0.59%"
"1998- 06- 01","113.84","112.88","114.22","112.53","0.77%"
"1998- 07- 01","113.56","113.81","114.41","113.06","-0.25%"
"1998- 08- 01","116.94","113.59","117.34","113.53","2.98%"
"1998- 09- 01","121.44","117.31","121.47","116.41","3.85%"
"1998- 10- 01","120.31","121.50","123.59","117.09","-0.93%"
"1998- 11- 01","119.03","120.28","120.31","117.19","-1.06%"
"1998- 12- 01","119.16","119.56","120.62","117.81","0.11%"
"1999- 01- 01","119.19","119.06","119.97","117.12","0.03%"
"1999- 02- 01","114.72","119.19","119.22","114.03","-3.75%"
"1999- 03- 01","114.69","114.69","116.00","113.78","-0.03%"
"1999- 04- 01","114.69","114.69","116.69","114.28","0.00%"
"1999- 05- 01","112.19","114.72","114.81","111.84","-2.18%"
"1999- 06- 01","111.19","112.25","112.25","109.16","-0.89%"
"1999- 07- 01","110.31","111.27","112.25","110.00","-0.79%"
"1999- 08- 01","110.00","110.28","111.66","108.72","-0.28%"
"1999- 09- 01","110.12","110.09","111.16","109.53","0.11%"
"1999- 10- 01","109.72","110.16","110.22","107.73","-0.36%"
"1999- 11- 01","109.25","109.69","110.88","109.00","-0.43%"
"1999- 12- 01","95.86","109.20","110.19","95.72","-12.26%"
"2000- 01- 01","94.78","95.66","95.77","93.67","-1.13%"
"2000- 02- 01","95.77","94.75","96.84","94.08","1.04%"
"2000- 03- 01","98.08","95.78","98.22","95.50","2.41%"
"2000- 04- 01","96.95","98.17","99.94","96.47","-1.15%"
"2000- 05- 01","96.95","96.94","97.05","94.83","0.00%"
"2000- 06- 01","98.48","96.98","98.98","96.98","1.58%"
"2000- 07- 01","98.89","98.44","99.28","97.62","0.42%"
"2000- 08- 01","100.16","98.84","100.41","98.84","1.28%"
"2000- 09- 01","100.22","100.20","100.72","99.31","0.06%"
"2000- 10- 01","100.70","100.27","102.09","99.67","0.48%"
"2000- 11- 01","102.88","100.73","102.98","99.84","2.16%"
"2000- 12- 01","104.86","102.67","105.56","102.30","1.92%"
"2001- 01- 01","105.22","104.86","106.56","103.62","0.34%"
"2001- 02- 01","106.33","105.47","106.34","104.09","1.05%"
"2001- 03- 01","106.20","106.38","107.52","105.41","-0.12%"
"2001- 04- 01","103.78","106.36","106.86","103.31","-2.28%"
"2001- 05- 01","103.69","103.83","105.62","102.69","-0.09%"
"2001- 06- 01","103.02","103.72","105.44","102.80","-0.65%"
"2001- 07- 01","106.11","103.02","106.19","102.69","3.00%"
"2001- 08- 01","107.22","106.03","107.75","105.00","1.05%"
"2001- 09- 01","108.78","107.20","109.92","106.17","1.45%"
"2001- 10- 01","111.52","108.75","111.86","108.28","2.52%"
"2001- 11- 01","108.25","111.72","112.41","105.53","-2.93%"
"2001- 12- 01","105.14","108.30","109.05","103.72","-2.87%"
"2002- 01- 01","105.88","105.30","107.38","103.86","0.70%"
"2002- 02- 01","107.25","105.84","107.67","105.52","1.29%"
"2002- 03- 01","102.45","107.23","107.34","101.91","-4.48%"
"2002- 04- 01","105.56","102.47","105.80","102.19","3.04%"
"2002- 05- 01","106.73","105.56","107.03","104.25","1.11%"
"2002- 06- 01","107.23","106.58","108.95","106.23","0.47%"
"2002- 07- 01","110.61","107.33","111.97","106.88","3.15%"
"2002- 08- 01","113.17","110.61","114.19","110.53","2.31%"
"2002- 09- 01","115.91","113.28","116.20","113.28","2.42%"
"2002- 10- 01","114.72","115.86","116.44","111.80","-1.03%"
"2002- 11- 01","112.52","114.80","115.47","112.06","-1.92%"
"2002- 12- 01","115.05","112.16","115.55","111.52","2.25%"
"2003- 01- 01","113.92","115.12","115.20","112.17","-0.98%"
"2003- 02- 01","116.72","114.06","116.81","113.59","2.46%"
"2003- 03- 01","114.88","116.72","117.91","112.47","-1.58%"
"2003- 04- 01","115.12","115.25","115.31","113.12","0.21%"
"2003- 05- 01","119.06","115.22","119.39","114.47","3.42%"
"2003- 06- 01","117.44","118.78","121.50","116.75","-1.36%"
"2003- 07- 01","110.62","117.59","117.95","110.06","-5.81%"
"2003- 08- 01","111.53","111.00","113.48","109.61","0.82%"
"2003- 09- 01","114.62","111.09","114.67","110.00","2.77%"
"2003- 10- 01","112.30","114.58","114.75","110.48","-2.02%"
"2003- 11- 01","112.41","112.28","114.16","110.72","0.10%"
"2003- 12- 01","112.27","112.30","114.28","111.44","-0.12%"
"2004- 01- 01","113.44","112.08","115.11","111.03","1.04%"
"2004- 02- 01","115.38","113.42","115.48","112.88","1.71%"
"2004- 03- 01","115.41","115.44","117.97","114.45","0.03%"
"2004- 04- 01","110.50","115.41","115.50","109.95","-4.25%"
"2004- 05- 01","109.88","110.50","111.09","107.80","-0.56%"
"2004- 06- 01","109.33","109.73","110.16","108.09","-0.50%"
"2004- 07- 01","110.72","109.56","111.42","109.17","1.27%"
"2004- 08- 01","113.47","111.00","113.77","110.66","2.48%"
"2004- 09- 01","112.62","113.58","114.38","112.16","-0.75%"
"2004- 10- 01","113.56","112.59","114.16","111.66","0.83%"
"2004- 11- 01","111.45","113.56","113.56","111.23","-1.86%"
"2004- 12- 01","111.94","111.53","113.44","110.98","0.44%"
"2005- 01- 01","112.27","111.94","112.56","110.72","0.29%"
"2005- 02- 01","110.88","112.27","113.39","110.64","-1.24%"
"2005- 03- 01","109.27","110.77","111.59","107.83","-1.45%"
"2005- 04- 01","111.42","109.28","111.89","108.84","1.97%"
"2005- 05- 01","112.84","111.38","113.42","110.80","1.27%"
"2005- 06- 01","113.47","113.03","114.50","111.78","0.56%"
"2005- 07- 01","110.98","113.67","113.67","110.88","-2.19%"
"2005- 08- 01","112.92","111.03","113.06","109.78","1.75%"
"2005- 09- 01","109.92","112.97","113.42","109.84","-2.66%"
"2005- 10- 01","108.45","109.89","110.08","108.12","-1.34%"
"2005- 11- 01","108.73","108.48","109.53","107.48","0.26%"
"2005- 12- 01","109.41","108.78","109.88","108.20","0.63%"
"2006- 01- 01","108.44","109.39","110.20","108.28","-0.89%"
"2006- 02- 01","108.00","108.50","108.59","107.53","-0.41%"
"2006- 03- 01","106.39","107.98","108.05","106.12","-1.49%"
"2006- 04- 01","105.58","106.39","106.53","104.92","-0.76%"
"2006- 05- 01","105.08","105.59","106.11","104.58","-0.47%"
"2006- 06- 01","104.86","105.02","106.20","104.03","-0.21%"
"2006- 07- 01","106.03","104.84","106.06","104.16","1.12%"
"2006- 08- 01","107.42","106.06","107.45","105.75","1.31%"
"2006- 09- 01","108.06","107.42","108.75","106.69","0.60%"
"2006- 10- 01","108.22","108.06","108.67","106.59","0.15%"
"2006- 11- 01","109.11","108.22","109.14","107.31","0.82%"
"2006- 12- 01","107.47","109.12","109.56","107.36","-1.50%"
"2007- 01- 01","106.75","107.48","108.33","106.20","-0.67%"
"2007- 02- 01","108.56","106.81","109.23","106.56","1.70%"
"2007- 03- 01","108.12","108.45","109.30","107.89","-0.41%"
"2007- 04- 01","108.33","108.14","108.44","107.17","0.19%"
"2007- 05- 01","106.39","108.36","108.50","106.20","-1.79%"
"2007- 06- 01","105.70","106.38","106.52","104.12","-0.65%"
"2007- 07- 01","107.42","105.69","107.84","104.55","1.63%"
"2007- 08- 01","109.48","107.66","109.84","106.64","1.92%"
"2007- 09- 01","109.28","109.50","111.42","108.39","-0.18%"
"2007- 10- 01","110.02","109.22","111.20","108.20","0.68%"
"2007- 11- 01","113.92","109.94","114.97","109.73","3.54%"
"2007- 12- 01","113.39","114.05","115.02","111.50","-0.47%"
"2008- 01- 01","116.72","113.44","119.16","113.06","2.94%"
"2008- 02- 01","118.69","116.98","118.83","115.14","1.69%"
"2008- 03- 01","118.95","118.83","121.81","117.80","0.22%"
"2008- 04- 01","115.81","119.02","119.09","114.62","-2.64%"
"2008- 05- 01","113.95","115.94","116.41","113.12","-1.61%"
"2008- 06- 01","113.92","113.84","116.00","111.88","-0.03%"
"2008- 07- 01","114.83","113.89","116.06","112.84","0.80%"
"2008- 08- 01","116.69","115.03","117.20","114.06","1.62%"
"2008- 09- 01","114.62","116.66","120.53","114.02","-1.77%"
"2008- 10- 01","113.08","114.73","118.06","111.39","-1.34%"
"2008- 11- 01","122.89","113.11","123.17","112.86","8.68%"
"2008- 12- 01","125.75","122.91","130.80","122.70","2.33%"
"2009- 01- 01","122.67","126.33","127.52","122.34","-2.45%"
"2009- 02- 01","121.70","122.75","124.78","121.08","-0.79%"
"2009- 03- 01","124.08","121.92","127.05","121.75","1.96%"
"2009- 04- 01","120.94","124.22","124.56","120.50","-2.53%"
"2009- 05- 01","118.62","121.00","122.06","116.94","-1.92%"
"2009- 06- 01","116.27","118.36","118.45","114.25","-1.98%"
"2009- 07- 01","117.28","116.27","119.00","115.48","0.87%"
"2009- 08- 01","118.55","117.34","118.64","114.66","1.08%"
"2009- 09- 01","118.33","118.50","119.88","116.59","-0.19%"
"2009- 10- 01","118.61","118.33","119.91","116.88","0.24%"
"2009- 11- 01","121.17","118.77","121.67","117.55","2.16%"
"2009- 12- 01","115.45","121.19","121.22","114.89","-4.72%"
"2010- 01- 01","118.16","115.19","118.44","114.97","2.35%"
"2010- 02- 01","118.91","118.28","118.95","116.89","0.63%"
"2010- 03- 01","116.25","118.66","119.17","115.28","-2.24%"
"2010- 04- 01","117.91","116.19","117.97","114.83","1.43%"
"2010- 05- 01","120.67","117.81","122.45","117.44","2.34%"
"2010- 06- 01","122.55","120.58","122.84","119.69","1.56%"
"2010- 07- 01","123.81","122.69","123.89","121.45","1.03%"
"2010- 08- 01","126.50","123.77","126.88","123.39","2.17%"
"2010- 09- 01","126.05","126.50","126.78","124.00","-0.36%"
"2010- 10- 01","126.28","126.11","127.69","125.05","0.18%"
"2010- 11- 01","125.05","126.28","128.03","124.05","-0.97%"
"2010- 12- 01","120.44","125.00","125.06","118.89","-3.69%"
"2011- 01- 01","120.80","120.30","121.48","119.14","0.30%"
"2011- 02- 01","120.34","120.83","120.88","117.69","-0.38%"
"2011- 03- 01","119.03","120.25","123.11","118.59","-1.09%"
"2011- 04- 01","121.14","118.78","121.22","117.92","1.77%"
"2011- 05- 01","124.03","121.12","124.12","120.89","2.39%"
"2011- 06- 01","122.33","123.92","125.89","121.88","-1.37%"
"2011- 07- 01","125.69","122.23","125.94","121.70","2.75%"
"2011- 08- 01","130.03","125.45","131.64","125.30","3.45%"
"2011- 09- 01","130.09","129.95","131.98","129.42","0.05%"
"2011- 10- 01","129.06","130.16","131.39","127.19","-0.79%"
"2011- 11- 01","130.16","129.48","131.30","129.23","0.85%"
"2011- 12- 01","131.12","130.12","132.22","129.48","0.74%"
"2012- 01- 01","132.25","130.61","132.34","129.81","0.86%"
"2012- 02- 01","131.27","132.28","132.33","130.38","-0.74%"
"2012- 03- 01","129.48","131.33","131.78","128.38","-1.36%"
"2012- 04- 01","132.28","129.44","132.53","128.77","2.16%"
"2012- 05- 01","134.91","132.23","135.27","131.86","1.99%"
"2012- 06- 01","133.38","135.05","135.91","132.91","-1.13%"
"2012- 07- 01","134.66","133.45","135.48","133.30","0.96%"
"2012- 08- 01","134.75","134.81","134.92","132.16","0.07%"
"2012- 09- 01","133.48","134.80","134.86","132.25","-0.94%"
"2012- 10- 01","133.03","133.47","133.80","131.69","-0.34%"
"2012- 11- 01","134.12","132.95","134.36","132.31","0.82%"
"2012- 12- 01","132.78","134.05","134.95","132.06","-1.00%"
"2013- 01- 01","131.28","131.94","132.55","130.94","-1.13%"
"2013- 02- 01","132.70","131.22","132.98","130.72","1.08%"
"2013- 03- 01","131.98","132.77","133.14","131.09","-0.54%"
"2013- 04- 01","133.36","131.73","133.75","131.73","1.05%"
"2013- 05- 01","130.25","133.36","133.78","129.59","-2.33%"
"2013- 06- 01","126.56","130.28","131.44","125.02","-2.83%"
"2013- 07- 01","126.44","126.38","127.31","124.36","-0.09%"
"2013- 08- 01","125.34","126.50","126.98","124.00","-0.87%"
"2013- 09- 01","126.39","125.00","126.92","123.33","0.84%"
"2013- 10- 01","127.36","126.42","128.06","125.52","0.77%"
"2013- 11- 01","126.64","127.23","127.70","125.72","-0.57%"
"2013- 12- 01","123.05","126.50","126.59","122.77","-2.83%"
"2014- 01- 01","125.75","122.80","125.91","122.78","2.19%"
"2014- 02- 01","126.11","125.78","126.50","125.09","0.29%"
"2014- 03- 01","123.50","126.73","126.75","123.08","-2.07%"
"2014- 04- 01","124.42","123.53","125.08","122.70","0.74%"
"2014- 05- 01","126.33","124.42","126.77","123.78","1.54%"
"2014- 06- 01","125.17","126.14","126.20","124.08","-0.92%"
"2014- 07- 01","124.61","125.08","125.73","123.81","-0.45%"
"2014- 08- 01","126.33","124.64","127.03","124.41","1.38%"
"2014- 09- 01","124.64","126.28","126.31","123.94","-1.34%"
"2014- 10- 01","126.36","124.80","130.53","124.69","1.38%"
"2014- 11- 01","127.66","126.42","127.78","125.84","1.03%"
"2014- 12- 01","126.80","127.84","128.78","125.66","-0.67%"
"2015- 01- 01","130.88","126.61","131.17","126.41","3.22%"
"2015- 02- 01","128.42","131.05","131.11","127.06","-1.88%"
"2015- 03- 01","128.91","128.41","129.56","126.62","0.38%"
"2015- 04- 01","128.38","128.91","130.12","127.81","-0.41%"
"2015- 05- 01","128.31","128.45","128.45","126.20","-0.05%"
"2015- 06- 01","126.17","128.14","128.30","124.91","-1.67%"
"2015- 07- 01","127.44","125.97","127.62","125.16","1.01%"
"2015- 08- 01","127.64","127.58","129.89","126.55","0.16%"
"2015- 09- 01","128.73","127.52","128.92","127.12","0.85%"
"2015- 10- 01","127.69","128.88","130.02","127.45","-0.81%"
"2015- 11- 01","127.02","127.77","127.83","125.70","-0.52%"
"2015- 12- 01","125.91","127.08","127.88","125.44","-0.87%"
"2016- 01- 01","129.58","125.88","129.69","125.77","2.91%"
"2016- 02- 01","130.91","129.59","133.05","129.16","1.03%"
"2016- 03- 01","130.39","130.95","131.22","128.52","-0.40%"
"2016- 04- 01","130.06","130.48","131.30","129.06","-0.25%"
"2016- 05- 01","129.80","129.92","131.20","129.30","-0.20%"
"2016- 06- 01","132.98","129.66","134.22","129.59","2.45%"
"2016- 07- 01","133.05","133.03","134.23","131.61","0.05%"
"2016- 08- 01","131.88","133.12","133.12","131.30","-0.88%"
"2016- 09- 01","131.12","131.73","132.48","130.66","-0.58%"
"2016- 10- 01","129.62","131.22","131.23","129.20","-1.14%"
"2016- 11- 01","125.23","129.67","131.00","124.80","-3.39%"
"2016- 12- 01","124.28","125.09","125.77","123.02","-0.76%"
"2017- 01- 01","124.47","124.12","125.42","123.56","0.15%"
"2017- 02- 01","125.11","124.45","125.67","123.77","0.51%"
"2017- 03- 01","124.56","124.80","125.28","123.31","-0.44%"
"2017- 04- 01","125.72","124.59","126.62","124.50","0.93%"
"2017- 05- 01","126.56","125.72","126.72","124.72","0.67%"
"2017- 06- 01","125.53","126.47","127.55","125.45","-0.81%"
"2017- 07- 01","125.89","125.52","126.38","124.80","0.29%"
"2017- 08- 01","127.25","125.84","127.59","125.67","1.08%"
"2017- 09- 01","125.31","127.27","128.11","125.06","-1.52%"
"2017- 10- 01","124.94","125.23","125.80","124.19","-0.30%"
"2017- 11- 01","124.31","124.88","125.47","124.19","-0.50%"
"2017- 12- 01","124.05","124.34","125.09","123.39","-0.21%"
"2018- 01- 01","121.58","123.98","124.00","121.33","-1.99%"
"2018- 02- 01","120.66","121.67","122.59","120.03","-0.76%"
"2018- 03- 01","121.14","120.69","121.30","119.69","0.40%"
"2018- 04- 01","119.62","121.03","121.38","118.97","-1.25%"
"2018- 05- 01","120.73","119.55","121.39","118.33","0.93%"
"2018- 06- 01","120.19","120.55","120.55","119.25","-0.45%"
"2018- 07- 01","119.42","120.12","120.62","119.25","-0.64%"
"2018- 08- 01","120.39","119.41","120.75","119.08","0.81%"
"2018- 09- 01","118.78","120.33","120.42","118.34","-1.34%"
"2018- 10- 01","118.44","118.72","119.19","117.42","-0.29%"
"2018- 11- 01","119.55","118.52","119.77","117.70","0.94%"
"2018- 12- 01","122.02","119.38","122.12","119.27","2.07%"
"2019- 01- 01","122.47","121.81","123.25","121.06","0.37%"
"2019- 02- 01","121.75","122.45","122.53","121.59","-0.59%"
"2019- 03- 01","124.22","121.72","124.97","121.31","2.03%"
"2019- 04- 01","123.67","124.16","124.17","122.64","-0.44%"
"2019- 05- 01","126.38","123.69","126.50","122.94","2.19%"
"2019- 06- 01","127.97","126.31","128.27","126.20","1.26%"
"2019- 07- 01","127.42","127.61","128.44","126.72","-0.43%"
"2019- 08- 01","131.05","127.50","131.61","127.14","2.85%"
"2019- 09- 01","130.31","131.25","131.72","128.06","-0.56%"
"2019- 10- 01","130.30","130.38","132.03","129.05","-0.01%"
"2019- 11- 01","129.30","130.27","130.48","127.98","-0.77%"
"2019- 12- 01","128.42","129.17","130.06","127.97","-0.68%"
"2020- 01- 01","131.66","128.30","131.83","128.16","2.52%"
"2020- 02- 01","134.84","131.86","134.98","130.22","2.42%"
"2020- 03- 01","138.69","135.03","140.70","134.48","2.86%"
"2020- 04- 01","139.06","138.80","139.69","137.50","0.27%"
"2020- 05- 01","139.38","138.97","139.66","138.27","0.23%"
"2020- 06- 01","139.17","139.45","139.53","137.12","-0.15%"
"2020- 07- 01","140.08","139.16","140.19","138.73","0.65%"
"2020- 08- 01","139.41","140.16","140.41","138.72","-0.48%"
"2020- 09- 01","139.53","139.34","140.02","139.19","0.09%"
"2020- 10- 01","138.22","139.47","139.78","138.11","-0.94%"
"2020- 11- 01","138.53","138.17","139.27","137.25","0.22%"
"2020- 12- 01","138.08","138.53","138.70","137.62","-0.32%"
"2021- 01- 01","137.03","137.97","138.17","136.03","-0.76%"
"2021- 02- 01","133.80","137.17","137.30","133.08","-2.36%"
"2021- 03- 01","130.94","134.27","134.84","130.81","-2.14%"
"2021- 04- 01","132.03","130.98","132.77","130.80","0.83%"
"2021- 05- 01","132.86","132.05","133.52","131.83","0.63%"
"2021- 06- 01","132.50","132.73","134.06","131.77","-0.27%"
"2021- 07- 01","134.45","132.31","135.22","132.19","1.47%"
"2021- 08- 01","134.05","134.53","135.44","133.30","-0.30%"
"2021- 09- 01","131.61","134.00","134.48","131.22","-1.82%"
"2021- 10- 01","130.70","131.89","132.27","129.97","-0.69%"
"2021- 11- 01","131.55","130.64","132.05","129.50","0.65%"
"2021- 12- 01","130.47","131.47","132.27","130.09","-0.82%"
"2022- 01- 01","127.97","130.33","130.34","127.06","-1.92%"
"2022- 02- 01","127.45","128.02","128.36","125.55","-0.41%"
"2022- 03- 01","122.88","127.50","129.06","120.95","-3.59%"
"2022- 04- 01","119.16","122.66","122.67","118.25","-3.03%"
"2022- 05- 01","119.84","118.75","120.97","117.27","0.57%"
"2022- 06- 01","118.39","118.39","118.39","118.39","-1.21%"
"2022- 07- 01","121.14","121.00","121.03","121.00","2.32%"
"2022- 08- 01","117.00","119.41","119.41","116.42","-3.42%"
"2022- 09- 01","112.38","116.31","117.00","110.94","-3.95%"
"2022- 10- 01","110.88","112.41","114.12","109.19","-1.33%"
"2022- 11- 01","113.50","111.00","114.16","109.69","2.36%"
"2022- 12- 01","112.89","114.38","116.19","112.55","-0.54%"
"2023- 01- 01","115.08","112.86","116.89","112.86","1.94%"
"2023- 02- 01","111.66","115.22","116.56","111.14","-2.97%"
"2023- 03- 01","115.61","111.78","117.78","110.86","3.54%"
"2023- 04- 01","116.02","115.50","117.59","114.69","0.35%"
"2023- 05- 01","114.47","116.16","117.80","112.92","-1.34%"
"2023- 06- 01","113.02","113.63","114.97","112.41","-1.27%"