"날짜","종가","시가","고가","저가","거래량","변동 %"
"2023- 06- 01","4,376.86","4,183.84","4,447.00","4,171.00","","4.71%"
"2023- 05- 01","4,179.83","4,166.27","4,229.98","4,048.00","","0.25%"
"2023- 04- 01","4,169.48","4,102.50","4,170.52","4,049.30","","1.46%"
"2023- 03- 01","4,109.31","3,958.20","4,110.80","3,810.54","","3.51%"
"2023- 02- 01","3,970.15","4,063.85","4,195.34","3,942.86","","-2.61%"
"2023- 01- 01","4,076.60","3,858.38","4,094.32","3,793.67","","6.18%"
"2022- 12- 01","3,839.50","4,089.50","4,103.05","3,764.14","","-5.90%"
"2022- 11- 01","4,080.11","3,911.50","4,080.11","3,695.60","","5.38%"
"2022- 10- 01","3,871.98","3,624.07","3,906.05","3,490.00","","7.99%"
"2022- 09- 01","3,585.62","3,929.90","4,119.69","3,585.40","","-9.34%"
"2022- 08- 01","3,955.00","4,103.38","4,325.50","3,954.90","","-4.24%"
"2022- 07- 01","4,130.29","3,779.27","4,140.00","3,720.25","","9.11%"
"2022- 06- 01","3,785.38","4,156.10","4,177.60","3,636.82","","-8.39%"
"2022- 05- 01","4,132.15","4,132.70","4,307.90","3,810.50","","0.01%"
"2022- 04- 01","4,131.93","4,547.90","4,593.90","4,123.87","","-8.80%"
"2022- 03- 01","4,530.41","4,358.08","4,637.90","4,157.20","","3.58%"
"2022- 02- 01","4,373.79","4,521.35","4,595.10","4,114.50","","-3.14%"
"2022- 01- 01","4,515.55","4,781.00","4,817.88","4,221.54","","-5.26%"
"2021- 12- 01","4,766.18","4,623.80","4,808.52","4,494.20","","4.36%"
"2021- 11- 01","4,567.00","4,616.47","4,743.74","4,560.26","","-0.83%"
"2021- 10- 01","4,605.38","4,324.71","4,608.70","4,278.70","","6.91%"
"2021- 09- 01","4,307.54","4,531.04","4,544.58","4,304.90","","-4.76%"
"2021- 08- 01","4,522.68","4,415.90","4,537.80","4,369.20","","2.90%"
"2021- 07- 01","4,395.26","4,304.10","4,430.20","4,232.80","","2.27%"
"2021- 06- 01","4,297.50","4,216.52","4,302.43","4,164.40","","2.22%"
"2021- 05- 01","4,204.11","4,191.98","4,238.04","4,056.88","","0.55%"
"2021- 04- 01","4,181.17","3,992.78","4,218.78","3,992.78","","5.24%"
"2021- 03- 01","3,972.89","3,842.51","3,994.41","3,723.34","","4.24%"
"2021- 02- 01","3,811.15","3,731.17","3,950.43","3,725.62","","2.61%"
"2021- 01- 01","3,714.24","3,764.61","3,870.90","3,662.71","","-1.11%"
"2020- 12- 01","3,756.07","3,645.87","3,760.20","3,633.40","","3.71%"
"2020- 11- 01","3,621.63","3,296.20","3,645.99","3,279.74","","10.75%"
"2020- 10- 01","3,269.96","3,385.87","3,549.85","3,233.94","","-2.77%"
"2020- 09- 01","3,363.00","3,507.44","3,588.11","3,209.45","","-3.92%"
"2020- 08- 01","3,500.31","3,288.26","3,514.77","3,284.53","","7.01%"
"2020- 07- 01","3,271.12","3,105.92","3,279.99","3,101.17","","5.51%"
"2020- 06- 01","3,100.29","3,038.78","3,233.13","2,965.66","","1.84%"
"2020- 05- 01","3,044.31","2,869.09","3,068.67","2,766.64","","4.53%"
"2020- 04- 01","2,912.43","2,498.08","2,954.86","2,447.49","","12.68%"
"2020- 03- 01","2,584.59","2,974.28","3,136.72","2,191.86","","-12.51%"
"2020- 02- 01","2,954.22","3,235.66","3,393.52","2,855.84","","-8.41%"
"2020- 01- 01","3,225.52","3,244.67","3,337.77","3,214.64","","-0.16%"
"2019- 12- 01","3,230.78","3,143.85","3,247.93","3,070.33","","2.86%"
"2019- 11- 01","3,140.98","3,050.72","3,154.26","3,050.72","","3.40%"
"2019- 10- 01","3,037.56","2,983.69","3,050.10","2,855.94","","2.04%"
"2019- 09- 01","2,976.74","2,909.01","3,021.99","2,891.85","","1.72%"
"2019- 08- 01","2,926.46","2,980.32","3,013.59","2,822.12","","-1.81%"
"2019- 07- 01","2,980.38","2,971.41","3,027.98","2,952.22","","1.31%"
"2019- 06- 01","2,941.76","2,751.53","2,964.15","2,728.81","","6.89%"
"2019- 05- 01","2,752.06","2,952.33","2,954.13","2,750.52","","-6.58%"
"2019- 04- 01","2,945.83","2,848.63","2,949.52","2,848.63","","3.93%"
"2019- 03- 01","2,834.40","2,798.22","2,860.31","2,722.27","","1.79%"
"2019- 02- 01","2,784.49","2,702.32","2,813.49","2,681.83","","2.97%"
"2019- 01- 01","2,704.10","2,476.96","2,708.95","2,443.96","","7.87%"
"2018- 12- 01","2,506.85","2,790.50","2,800.18","2,346.58","","-9.18%"
"2018- 11- 01","2,760.17","2,717.58","2,815.15","2,631.09","","1.79%"
"2018- 10- 01","2,711.74","2,926.29","2,939.86","2,603.54","","-6.94%"
"2018- 09- 01","2,913.98","2,896.96","2,940.91","2,864.12","","0.43%"
"2018- 08- 01","2,901.52","2,821.17","2,916.50","2,796.34","","3.03%"
"2018- 07- 01","2,816.29","2,704.95","2,848.03","2,698.95","","3.60%"
"2018- 06- 01","2,718.37","2,718.70","2,791.47","2,691.99","","0.48%"
"2018- 05- 01","2,705.27","2,643.64","2,742.24","2,594.62","","2.16%"
"2018- 04- 01","2,648.05","2,633.45","2,717.49","2,553.80","","0.27%"
"2018- 03- 01","2,640.87","2,715.22","2,801.90","2,585.89","","-2.69%"
"2018- 02- 01","2,713.83","2,816.45","2,835.96","2,532.69","","-3.89%"
"2018- 01- 01","2,823.81","2,683.73","2,872.87","2,682.36","","5.62%"
"2017- 12- 01","2,673.61","2,645.10","2,694.97","2,605.52","","0.98%"
"2017- 11- 01","2,647.58","2,583.21","2,657.74","2,557.45","","2.81%"
"2017- 10- 01","2,575.26","2,521.20","2,582.98","2,520.40","","2.22%"
"2017- 09- 01","2,519.36","2,474.42","2,519.44","2,446.55","","1.93%"
"2017- 08- 01","2,471.65","2,477.10","2,490.87","2,417.35","","0.05%"
"2017- 07- 01","2,470.30","2,431.39","2,484.04","2,407.70","","1.93%"
"2017- 06- 01","2,423.41","2,415.65","2,453.82","2,405.70","","0.48%"
"2017- 05- 01","2,411.80","2,388.50","2,418.71","2,352.72","","1.16%"
"2017- 04- 01","2,384.20","2,362.34","2,398.16","2,328.95","","0.91%"
"2017- 03- 01","2,362.72","2,380.13","2,400.98","2,322.25","","-0.04%"
"2017- 02- 01","2,363.64","2,285.59","2,371.54","2,271.65","","3.72%"
"2017- 01- 01","2,278.87","2,251.57","2,300.99","2,245.13","","1.79%"
"2016- 12- 01","2,238.83","2,200.17","2,277.53","2,187.44","","1.82%"
"2016- 11- 01","2,198.81","2,128.68","2,214.10","2,083.79","","3.42%"
"2016- 10- 01","2,126.15","2,164.33","2,169.60","2,114.72","","-1.94%"
"2016- 09- 01","2,168.27","2,171.33","2,187.87","2,119.12","","-0.12%"
"2016- 08- 01","2,170.95","2,173.15","2,193.81","2,147.58","","-0.12%"
"2016- 07- 01","2,173.60","2,099.34","2,177.09","2,074.02","","3.56%"
"2016- 06- 01","2,098.86","2,093.94","2,120.55","1,991.68","","0.09%"
"2016- 05- 01","2,096.96","2,067.17","2,103.48","2,025.91","","1.53%"
"2016- 04- 01","2,065.30","2,056.62","2,111.05","2,033.80","","0.27%"
"2016- 03- 01","2,059.74","1,937.09","2,072.21","1,937.09","","6.60%"
"2016- 02- 01","1,932.23","1,936.94","1,962.96","1,810.10","","-0.41%"
"2016- 01- 01","1,940.24","2,038.20","2,038.20","1,812.29","","-5.07%"
"2015- 12- 01","2,043.94","2,082.93","2,104.27","1,993.26","","-1.75%"
"2015- 11- 01","2,080.41","2,080.76","2,116.48","2,019.39","","0.05%"
"2015- 10- 01","2,079.36","1,919.65","2,094.32","1,893.70","","8.30%"
"2015- 09- 01","1,920.03","1,970.09","2,020.86","1,871.91","","-2.64%"
"2015- 08- 01","1,972.18","2,104.49","2,112.66","1,867.01","","-6.26%"
"2015- 07- 01","2,103.84","2,067.00","2,132.82","2,044.02","","1.97%"
"2015- 06- 01","2,063.11","2,108.64","2,129.87","2,056.32","","-2.10%"
"2015- 05- 01","2,107.39","2,087.38","2,134.72","2,067.93","","1.05%"
"2015- 04- 01","2,085.51","2,067.63","2,125.92","2,048.38","","0.85%"
"2015- 03- 01","2,067.89","2,105.23","2,117.52","2,039.69","","-1.74%"
"2015- 02- 01","2,104.50","1,996.67","2,119.59","1,980.90","","5.49%"
"2015- 01- 01","1,994.99","2,058.90","2,072.36","1,988.12","","-3.10%"
"2014- 12- 01","2,058.90","2,065.78","2,093.55","1,972.56","","-0.42%"
"2014- 11- 01","2,067.56","2,018.21","2,075.76","2,001.01","","2.45%"
"2014- 10- 01","2,018.05","1,971.44","2,018.19","1,820.66","","2.32%"
"2014- 09- 01","1,972.29","2,004.07","2,019.26","1,964.04","","-1.55%"
"2014- 08- 01","2,003.37","1,929.80","2,005.04","1,904.78","","3.77%"
"2014- 07- 01","1,930.67","1,962.29","1,991.39","1,930.67","","-1.51%"
"2014- 06- 01","1,960.23","1,923.87","1,968.17","1,915.98","","1.91%"
"2014- 05- 01","1,923.57","1,884.39","1,924.03","1,859.79","","2.10%"
"2014- 04- 01","1,883.95","1,873.96","1,897.28","1,814.36","","0.62%"
"2014- 03- 01","1,872.34","1,857.68","1,883.97","1,834.44","","0.69%"
"2014- 02- 01","1,859.45","1,782.68","1,867.92","1,737.92","","4.31%"
"2014- 01- 01","1,782.59","1,845.86","1,850.84","1,770.45","","-3.56%"
"2013- 12- 01","1,848.36","1,806.55","1,849.44","1,767.99","","2.36%"
"2013- 11- 01","1,805.81","1,758.70","1,813.55","1,746.20","","2.80%"
"2013- 10- 01","1,756.54","1,682.41","1,775.22","1,646.47","","4.46%"
"2013- 09- 01","1,681.55","1,635.95","1,729.86","1,633.41","","2.97%"
"2013- 08- 01","1,632.97","1,689.42","1,709.67","1,627.47","","-3.13%"
"2013- 07- 01","1,685.73","1,609.78","1,698.78","1,604.57","","4.95%"
"2013- 06- 01","1,606.28","1,631.71","1,654.19","1,560.33","","-1.50%"
"2013- 05- 01","1,630.74","1,597.55","1,687.18","1,581.28","","2.08%"
"2013- 04- 01","1,597.57","1,569.18","1,597.57","1,536.03","","1.81%"
"2013- 03- 01","1,569.19","1,514.68","1,570.28","1,501.48","","3.60%"
"2013- 02- 01","1,514.68","1,498.11","1,530.94","1,485.01","","1.11%"
"2013- 01- 01","1,498.11","1,426.19","1,509.94","1,426.19","","5.04%"
"2012- 12- 01","1,426.19","1,416.34","1,448.00","1,398.11","","0.71%"
"2012- 11- 01","1,416.18","1,412.20","1,434.27","1,343.35","","0.28%"
"2012- 10- 01","1,412.16","1,440.90","1,470.96","1,403.28","","-1.98%"
"2012- 09- 01","1,440.67","1,406.54","1,474.51","1,396.56","","2.42%"
"2012- 08- 01","1,406.58","1,379.32","1,426.68","1,354.65","","1.98%"
"2012- 07- 01","1,379.32","1,362.33","1,391.74","1,325.41","","1.26%"
"2012- 06- 01","1,362.16","1,309.87","1,363.46","1,266.74","","3.96%"
"2012- 05- 01","1,310.33","1,397.86","1,415.32","1,291.98","","-6.27%"
"2012- 04- 01","1,397.91","1,408.47","1,422.38","1,357.38","","-0.75%"
"2012- 03- 01","1,408.47","1,365.90","1,419.15","1,340.03","","3.13%"
"2012- 02- 01","1,365.68","1,312.45","1,378.04","1,312.45","","4.06%"
"2012- 01- 01","1,312.41","1,258.86","1,333.47","1,258.86","","4.36%"
"2011- 12- 01","1,257.60","1,246.91","1,269.37","1,202.37","","0.85%"
"2011- 11- 01","1,246.96","1,251.00","1,277.55","1,158.66","","-0.51%"
"2011- 10- 01","1,253.30","1,131.21","1,292.66","1,074.77","","10.77%"
"2011- 09- 01","1,131.42","1,219.12","1,229.29","1,114.22","","-7.18%"
"2011- 08- 01","1,218.89","1,292.59","1,307.38","1,101.54","","-5.68%"
"2011- 07- 01","1,292.28","1,320.64","1,356.48","1,282.86","","-2.15%"
"2011- 06- 01","1,320.64","1,345.20","1,345.20","1,258.07","","-1.83%"
"2011- 05- 01","1,345.20","1,365.21","1,370.58","1,311.80","","-1.35%"
"2011- 04- 01","1,363.61","1,329.48","1,364.56","1,294.70","","2.85%"
"2011- 03- 01","1,325.83","1,328.64","1,332.28","1,249.05","","-0.10%"
"2011- 02- 01","1,327.22","1,289.14","1,344.07","1,289.14","","3.20%"
"2011- 01- 01","1,286.12","1,257.62","1,302.67","1,257.62","","2.26%"
"2010- 12- 01","1,257.64","1,186.60","1,262.60","1,186.60","","6.53%"
"2010- 11- 01","1,180.55","1,185.71","1,227.08","1,173.00","","-0.23%"
"2010- 10- 01","1,183.26","1,143.49","1,196.14","1,131.87","","3.69%"
"2010- 09- 01","1,141.20","1,049.72","1,157.16","1,049.72","","8.76%"
"2010- 08- 01","1,049.33","1,107.53","1,129.24","1,039.70","","-4.74%"
"2010- 07- 01","1,101.60","1,031.10","1,120.95","1,010.91","","6.88%"
"2010- 06- 01","1,030.71","1,087.30","1,131.23","1,028.33","","-5.39%"
"2010- 05- 01","1,089.41","1,188.58","1,205.13","1,040.78","","-8.20%"
"2010- 04- 01","1,186.69","1,171.23","1,219.80","1,170.69","","1.48%"
"2010- 03- 01","1,169.43","1,105.36","1,180.69","1,105.36","","5.88%"
"2010- 02- 01","1,104.49","1,073.89","1,112.42","1,044.50","","2.85%"
"2010- 01- 01","1,073.87","1,116.56","1,150.45","1,071.59","","-3.70%"
"2009- 12- 01","1,115.10","1,098.89","1,130.38","1,085.89","","1.78%"
"2009- 11- 01","1,095.63","1,036.18","1,113.69","1,029.38","","5.74%"
"2009- 10- 01","1,036.19","1,054.91","1,101.36","1,019.95","","-1.98%"
"2009- 09- 01","1,057.08","1,019.52","1,080.15","991.97","","3.57%"
"2009- 08- 01","1,020.62","990.22","1,039.47","978.51","","3.36%"
"2009- 07- 01","987.48","920.82","996.68","869.32","","7.41%"
"2009- 06- 01","919.32","923.26","956.23","888.86","","0.02%"
"2009- 05- 01","919.14","872.74","930.17","866.10","","5.31%"
"2009- 04- 01","872.81","793.59","888.70","783.32","","9.39%"
"2009- 03- 01","797.87","729.57","832.98","666.79","","8.54%"
"2009- 02- 01","735.09","823.09","875.01","734.52","","-10.99%"
"2009- 01- 01","825.88","902.99","943.85","804.30","","-8.57%"
"2008- 12- 01","903.25","888.61","918.85","815.69","","0.78%"
"2008- 11- 01","896.24","968.67","1,007.51","741.02","","-7.48%"
"2008- 10- 01","968.75","1,164.17","1,167.03","839.80","","-16.94%"
"2008- 09- 01","1,166.36","1,287.83","1,303.04","1,106.39","","-9.08%"
"2008- 08- 01","1,282.83","1,269.42","1,313.15","1,247.45","","1.22%"
"2008- 07- 01","1,267.38","1,276.69","1,292.17","1,200.44","","-0.99%"
"2008- 06- 01","1,280.00","1,399.62","1,404.05","1,272.00","","-8.60%"
"2008- 05- 01","1,400.38","1,385.97","1,440.24","1,373.07","","1.07%"
"2008- 04- 01","1,385.59","1,326.41","1,404.57","1,324.35","","4.75%"
"2008- 03- 01","1,322.70","1,330.45","1,359.68","1,256.98","","-0.60%"
"2008- 02- 01","1,330.63","1,378.60","1,396.02","1,316.75","","-3.48%"
"2008- 01- 01","1,378.55","1,467.97","1,471.77","1,270.05","","-6.12%"
"2007- 12- 01","1,468.36","1,479.63","1,523.57","1,435.65","","-0.86%"
"2007- 11- 01","1,481.14","1,545.79","1,545.79","1,406.10","","-4.40%"
"2007- 10- 01","1,549.38","1,527.29","1,576.09","1,489.56","","1.48%"
"2007- 09- 01","1,526.75","1,473.96","1,538.74","1,439.29","","3.58%"
"2007- 08- 01","1,473.99","1,455.18","1,503.89","1,370.60","","1.29%"
"2007- 07- 01","1,455.27","1,504.66","1,555.90","1,454.25","","-3.20%"
"2007- 06- 01","1,503.35","1,530.62","1,540.56","1,484.18","","-1.78%"
"2007- 05- 01","1,530.62","1,482.37","1,535.56","1,476.70","","3.25%"
"2007- 04- 01","1,482.37","1,420.83","1,498.02","1,416.37","","4.33%"
"2007- 03- 01","1,420.86","1,406.80","1,438.89","1,363.98","","1.00%"
"2007- 02- 01","1,406.82","1,437.90","1,461.57","1,389.42","","-2.18%"
"2007- 01- 01","1,438.24","1,418.03","1,441.61","1,403.97","","1.41%"
"2006- 12- 01","1,418.30","1,400.63","1,431.81","1,385.93","","1.26%"
"2006- 11- 01","1,400.63","1,377.76","1,407.89","1,360.98","","1.65%"
"2006- 10- 01","1,377.94","1,335.82","1,389.45","1,327.10","","3.15%"
"2006- 09- 01","1,335.85","1,303.80","1,340.28","1,290.93","","2.46%"
"2006- 08- 01","1,303.82","1,278.53","1,306.74","1,261.30","","2.13%"
"2006- 07- 01","1,276.66","1,270.06","1,280.42","1,224.54","","0.51%"
"2006- 06- 01","1,270.20","1,270.05","1,290.68","1,219.29","","0.01%"
"2006- 05- 01","1,270.09","1,310.61","1,326.70","1,245.34","","-3.09%"
"2006- 04- 01","1,310.61","1,302.88","1,318.16","1,280.74","","1.22%"
"2006- 03- 01","1,294.83","1,280.66","1,310.88","1,268.42","","1.11%"
"2006- 02- 01","1,280.66","1,280.08","1,297.57","1,253.61","","0.05%"
"2006- 01- 01","1,280.08","1,248.29","1,294.90","1,245.74","","2.55%"
"2005- 12- 01","1,248.29","1,249.48","1,275.80","1,246.59","","-0.10%"
"2005- 11- 01","1,249.48","1,207.01","1,270.64","1,201.07","","3.52%"
"2005- 10- 01","1,207.01","1,228.81","1,233.34","1,168.20","","-1.77%"
"2005- 09- 01","1,228.81","1,220.33","1,243.13","1,205.35","","0.69%"
"2005- 08- 01","1,220.33","1,234.18","1,245.86","1,201.07","","-1.12%"
"2005- 07- 01","1,234.18","1,191.33","1,245.15","1,183.55","","3.60%"
"2005- 06- 01","1,191.33","1,191.50","1,219.59","1,188.30","","-0.01%"
"2005- 05- 01","1,191.50","1,156.85","1,199.56","1,146.18","","3.00%"
"2005- 04- 01","1,156.85","1,180.59","1,191.88","1,136.15","","-2.01%"
"2005- 03- 01","1,180.59","1,203.60","1,229.11","1,163.69","","-1.91%"
"2005- 02- 01","1,203.60","1,181.27","1,212.44","1,180.95","","1.89%"
"2005- 01- 01","1,181.27","1,211.92","1,217.90","1,163.75","","-2.53%"
"2004- 12- 01","1,211.92","1,173.78","1,217.33","1,173.76","","3.25%"
"2004- 11- 01","1,173.82","1,130.20","1,188.46","1,127.53","","3.86%"
"2004- 10- 01","1,130.20","1,114.58","1,142.05","1,090.19","","1.40%"
"2004- 09- 01","1,114.58","1,104.24","1,131.54","1,099.11","","0.94%"
"2004- 08- 01","1,104.24","1,101.72","1,109.68","1,060.72","","0.23%"
"2004- 07- 01","1,101.72","1,140.84","1,140.84","1,078.78","","-3.43%"
"2004- 06- 01","1,140.84","1,120.68","1,146.34","1,113.32","","1.80%"
"2004- 05- 01","1,120.68","1,107.30","1,127.74","1,076.32","","1.21%"
"2004- 04- 01","1,107.30","1,126.21","1,150.57","1,107.23","","-1.68%"
"2004- 03- 01","1,126.21","1,144.94","1,163.23","1,087.06","","-1.64%"
"2004- 02- 01","1,144.94","1,131.13","1,158.98","1,124.44","","1.22%"
"2004- 01- 01","1,131.13","1,111.92","1,155.38","1,105.08","","1.73%"
"2003- 12- 01","1,111.92","1,058.20","1,112.56","1,053.41","","5.08%"
"2003- 11- 01","1,058.20","1,050.71","1,063.65","1,031.20","","0.71%"
"2003- 10- 01","1,050.71","995.97","1,053.79","995.97","","5.50%"
"2003- 09- 01","995.97","1,008.01","1,040.29","990.36","","-1.19%"
"2003- 08- 01","1,008.01","990.31","1,011.01","960.84","","1.48%"
"2003- 07- 01","993.32","974.50","1,015.41","962.10","","1.93%"
"2003- 06- 01","974.50","963.59","1,015.33","963.59","","1.13%"
"2003- 05- 01","963.59","916.92","965.38","902.83","","5.09%"
"2003- 04- 01","916.92","848.18","924.24","847.85","","8.10%"
"2003- 03- 01","848.18","841.15","895.90","788.90","","0.84%"
"2003- 02- 01","841.15","855.70","864.64","806.29","","-1.70%"
"2003- 01- 01","855.70","879.82","935.05","840.34","","-2.74%"
"2002- 12- 01","879.82","936.31","954.28","869.45","","-6.03%"
"2002- 11- 01","936.31","885.76","941.82","872.05","","5.71%"
"2002- 10- 01","885.76","815.28","907.44","768.63","","8.64%"
"2002- 09- 01","815.28","916.07","924.02","800.20","","-11.00%"
"2002- 08- 01","916.07","911.62","965.00","833.44","","0.49%"
"2002- 07- 01","911.62","989.82","994.46","775.68","","-7.90%"
"2002- 06- 01","989.82","1,067.14","1,070.74","952.92","","-7.25%"
"2002- 05- 01","1,067.14","1,076.92","1,106.59","1,048.96","","-0.91%"
"2002- 04- 01","1,076.92","1,147.39","1,147.84","1,063.46","","-6.14%"
"2002- 03- 01","1,147.39","1,106.73","1,173.94","1,106.73","","3.67%"
"2002- 02- 01","1,106.73","1,130.20","1,130.20","1,074.36","","-2.08%"
"2002- 01- 01","1,130.20","1,148.08","1,176.97","1,081.66","","-1.56%"
"2001- 12- 01","1,148.08","1,139.45","1,173.62","1,114.53","","0.76%"
"2001- 11- 01","1,139.45","1,059.78","1,163.38","1,054.31","","7.52%"
"2001- 10- 01","1,059.78","1,040.94","1,110.61","1,026.76","","1.81%"
"2001- 09- 01","1,040.94","1,133.58","1,155.40","944.75","","-8.17%"
"2001- 08- 01","1,133.58","1,211.23","1,226.27","1,124.87","","-6.41%"
"2001- 07- 01","1,211.23","1,224.42","1,239.78","1,165.54","","-1.07%"
"2001- 06- 01","1,224.38","1,255.82","1,286.62","1,203.03","","-2.50%"
"2001- 05- 01","1,255.82","1,249.46","1,315.93","1,232.00","","0.51%"
"2001- 04- 01","1,249.46","1,160.33","1,269.30","1,091.99","","7.68%"
"2001- 03- 01","1,160.33","1,239.94","1,267.42","1,081.19","","-6.42%"
"2001- 02- 01","1,239.94","1,366.01","1,376.38","1,215.44","","-9.23%"
"2001- 01- 01","1,366.01","1,320.28","1,383.37","1,274.62","","3.46%"
"2000- 12- 01","1,320.28","1,314.95","1,389.05","1,254.07","","0.41%"
"2000- 11- 01","1,314.95","1,429.40","1,438.46","1,294.90","","-8.01%"
"2000- 10- 01","1,429.40","1,436.52","1,454.82","1,305.79","","-0.49%"
"2000- 09- 01","1,436.51","1,517.68","1,530.09","1,419.44","","-5.35%"
"2000- 08- 01","1,517.68","1,430.83","1,525.21","1,425.43","","6.07%"
"2000- 07- 01","1,430.83","1,454.60","1,517.32","1,413.89","","-1.63%"
"2000- 06- 01","1,454.60","1,420.60","1,488.93","1,420.60","","2.39%"
"2000- 05- 01","1,420.60","1,452.43","1,481.51","1,361.09","","-2.19%"
"2000- 04- 01","1,452.43","1,498.58","1,527.19","1,339.40","","-3.08%"
"2000- 03- 01","1,498.58","1,366.42","1,552.87","1,346.62","","9.67%"
"2000- 02- 01","1,366.42","1,394.46","1,444.55","1,325.07","","-2.01%"
"2000- 01- 01","1,394.46","1,469.25","1,478.00","1,350.14","","-5.09%"
"1999- 12- 01","1,469.25","1,388.91","1,473.10","1,387.38","","5.78%"
"1999- 11- 01","1,388.91","1,362.93","1,425.31","1,346.41","","1.91%"
"1999- 10- 01","1,362.93","1,282.71","1,373.17","1,233.70","","6.25%"
"1999- 09- 01","1,282.71","1,320.41","1,361.39","1,256.26","","-2.86%"
"1999- 08- 01","1,320.41","1,328.72","1,382.84","1,267.73","","-0.63%"
"1999- 07- 01","1,328.72","1,372.71","1,420.33","1,328.49","","-3.20%"
"1999- 06- 01","1,372.71","1,301.84","1,372.93","1,277.47","","5.44%"
"1999- 05- 01","1,301.84","1,335.18","1,375.98","1,277.31","","-2.50%"
"1999- 04- 01","1,335.18","1,286.37","1,371.56","1,282.56","","3.79%"
"1999- 03- 01","1,286.37","1,238.33","1,323.82","1,216.03","","3.88%"
"1999- 02- 01","1,238.33","1,279.64","1,283.84","1,211.89","","-3.23%"
"1999- 01- 01","1,279.64","1,229.23","1,280.37","1,205.46","","4.10%"
"1998- 12- 01","1,229.23","1,163.63","1,244.93","1,136.89","","5.64%"
"1998- 11- 01","1,163.63","1,098.67","1,192.97","1,098.67","","5.91%"
"1998- 10- 01","1,098.67","1,017.01","1,103.78","923.32","","8.03%"
"1998- 09- 01","1,017.01","957.28","1,066.11","939.98","","6.24%"
"1998- 08- 01","957.28","1,120.67","1,121.79","957.28","","-14.58%"
"1998- 07- 01","1,120.67","1,133.84","1,190.58","1,114.30","","-1.16%"
"1998- 06- 01","1,133.84","1,090.82","1,145.15","1,074.67","","3.94%"
"1998- 05- 01","1,090.82","1,111.75","1,130.52","1,074.39","","-1.88%"
"1998- 04- 01","1,111.75","1,101.75","1,132.98","1,076.70","","0.91%"
"1998- 03- 01","1,101.75","1,049.34","1,113.07","1,030.87","","4.99%"
"1998- 02- 01","1,049.34","980.28","1,051.66","980.28","","7.04%"
"1998- 01- 01","980.28","970.43","992.65","912.83","","1.02%"
"1997- 12- 01","970.43","955.40","986.25","924.92","","1.57%"
"1997- 11- 01","955.40","914.62","964.55","900.61","","4.46%"
"1997- 10- 01","914.62","947.28","983.12","855.27","","-3.45%"
"1997- 09- 01","947.28","899.47","960.59","899.47","","5.32%"
"1997- 08- 01","899.47","954.29","964.17","893.34","","-5.75%"
"1997- 07- 01","954.31","885.14","957.73","884.54","","7.81%"
"1997- 06- 01","885.14","848.28","902.09","838.82","","4.35%"
"1997- 05- 01","848.28","801.34","851.87","793.21","","5.86%"
"1997- 04- 01","801.34","757.12","804.13","733.54","","5.84%"
"1997- 03- 01","757.12","790.82","814.90","756.13","","-4.26%"
"1997- 02- 01","790.82","786.16","817.68","773.43","","0.59%"
"1997- 01- 01","786.16","740.74","794.67","729.55","","6.13%"
"1996- 12- 01","740.74","757.02","761.75","716.69","","-2.15%"
"1996- 11- 01","757.02","705.27","762.12","701.30","","7.34%"
"1996- 10- 01","705.27","687.31","714.10","684.44","","2.61%"
"1996- 09- 01","687.33","651.99","690.88","643.97","","5.42%"
"1996- 08- 01","651.99","639.95","670.68","639.49","","1.88%"
"1996- 07- 01","639.95","670.63","675.88","605.88","","-4.57%"
"1996- 06- 01","670.63","669.12","680.32","658.75","","0.23%"
"1996- 05- 01","669.12","654.17","681.10","630.07","","2.29%"
"1996- 04- 01","654.17","645.50","656.68","624.14","","1.34%"
"1996- 03- 01","645.50","640.43","656.97","627.63","","0.79%"
"1996- 02- 01","640.43","636.02","664.23","633.71","","0.69%"
"1996- 01- 01","636.02","615.93","636.18","597.29","","3.26%"
"1995- 12- 01","615.93","605.37","622.88","605.05","","1.74%"
"1995- 11- 01","605.37","581.50","608.69","581.04","","4.10%"
"1995- 10- 01","581.50","584.41","590.66","571.55","","-0.50%"
"1995- 09- 01","584.41","561.88","587.61","561.01","","4.01%"
"1995- 08- 01","561.88","562.06","565.62","553.04","","-0.03%"
"1995- 07- 01","562.06","544.75","565.40","542.51","","3.18%"
"1995- 06- 01","544.75","533.40","551.07","526.00","","2.13%"
"1995- 05- 01","533.40","514.76","533.41","513.03","","3.63%"
"1995- 04- 01","514.71","500.70","515.29","500.20","","2.80%"
"1995- 03- 01","500.71","487.39","508.15","479.70","","2.73%"
"1995- 02- 01","487.39","470.42","489.19","469.29","","3.61%"
"1995- 01- 01","470.42","459.21","471.36","457.20","","2.43%"
"1994- 12- 01","459.27","453.55","462.73","442.88","","1.23%"
"1994- 11- 01","453.69","472.26","472.26","444.18","","-3.95%"
"1994- 10- 01","472.35","462.69","474.74","449.27","","2.08%"
"1994- 09- 01","462.71","475.49","475.49","458.47","","-2.69%"
"1994- 08- 01","475.49","458.28","477.59","456.08","","3.76%"
"1994- 07- 01","458.26","444.27","459.33","443.58","","3.15%"
"1994- 06- 01","444.27","456.50","463.23","439.83","","-2.68%"
"1994- 05- 01","456.50","450.91","457.77","440.78","","1.24%"
"1994- 04- 01","450.91","445.66","452.79","435.86","","1.15%"
"1994- 03- 01","445.77","467.19","471.09","436.16","","-4.57%"
"1994- 02- 01","467.14","481.60","482.23","464.26","","-3.00%"
"1994- 01- 01","481.61","466.51","482.85","464.36","","3.25%"
"1993- 12- 01","466.45","461.93","471.29","461.45","","1.01%"
"1993- 11- 01","461.79","467.83","469.11","454.36","","-1.29%"
"1993- 10- 01","467.83","458.93","471.10","456.40","","1.94%"
"1993- 09- 01","458.93","463.55","463.80","449.64","","-1.00%"
"1993- 08- 01","463.56","448.13","463.56","446.94","","3.44%"
"1993- 07- 01","448.13","450.54","451.15","441.40","","-0.53%"
"1993- 06- 01","450.53","450.23","455.63","442.50","","0.08%"
"1993- 05- 01","450.19","440.19","454.55","436.86","","2.27%"
"1993- 04- 01","440.19","451.67","452.63","432.30","","-2.54%"
"1993- 03- 01","451.67","443.38","456.76","441.07","","1.87%"
"1993- 02- 01","443.38","438.78","450.04","428.25","","1.05%"
"1993- 01- 01","438.78","435.70","442.66","426.88","","0.70%"
"1992- 12- 01","435.71","431.35","442.65","428.61","","1.01%"
"1992- 11- 01","431.35","418.66","431.93","415.58","","3.03%"
"1992- 10- 01","418.68","417.80","421.16","396.80","","0.21%"
"1992- 09- 01","417.80","414.03","425.27","412.71","","0.91%"
"1992- 08- 01","414.03","424.19","425.14","408.30","","-2.40%"
"1992- 07- 01","424.21","408.20","424.80","407.20","","3.94%"
"1992- 06- 01","408.14","415.35","417.30","399.92","","-1.74%"
"1992- 05- 01","415.35","414.95","418.75","409.85","","0.10%"
"1992- 04- 01","414.95","403.67","416.28","392.41","","2.79%"
"1992- 03- 01","403.69","412.68","413.78","401.94","","-2.18%"
"1992- 02- 01","412.70","408.79","418.08","406.34","","0.96%"
"1992- 01- 01","408.78","417.03","421.18","408.64","","-1.99%"
"1991- 12- 01","417.09","375.11","418.32","371.36","","11.16%"
"1991- 11- 01","375.22","392.46","398.22","371.63","","-4.39%"
"1991- 10- 01","392.45","387.86","393.81","376.11","","1.18%"
"1991- 09- 01","387.86","395.43","397.62","382.77","","-1.91%"
"1991- 08- 01","395.43","387.81","396.82","374.09","","1.96%"
"1991- 07- 01","387.81","371.18","387.81","370.92","","4.49%"
"1991- 06- 01","371.16","389.81","389.81","367.98","","-4.79%"
"1991- 05- 01","389.83","375.35","389.85","365.83","","3.86%"
"1991- 04- 01","375.34","375.22","391.26","370.27","","0.03%"
"1991- 03- 01","375.22","367.07","379.66","363.73","","2.22%"
"1991- 02- 01","367.07","343.91","370.96","340.37","","6.73%"
"1991- 01- 01","343.93","330.20","343.93","309.35","","4.15%"
"1990- 12- 01","330.22","322.23","333.98","321.97","","2.48%"
"1990- 11- 01","322.22","303.99","323.02","301.61","","5.99%"
"1990- 10- 01","304.00","306.10","319.69","294.51","","-0.67%"
"1990- 09- 01","306.05","322.56","326.53","295.98","","-5.12%"
"1990- 08- 01","322.56","356.15","357.35","306.18","","-9.43%"
"1990- 07- 01","356.15","358.02","369.78","350.09","","-0.52%"
"1990- 06- 01","358.02","361.26","368.78","351.23","","-0.89%"
"1990- 05- 01","361.23","330.80","362.26","330.80","","9.20%"
"1990- 04- 01","330.80","339.94","347.30","327.76","","-2.69%"
"1990- 03- 01","339.94","331.89","344.49","331.08","","2.43%"
"1990- 02- 01","331.89","329.08","336.09","322.10","","0.85%"
"1990- 01- 01","329.08","353.40","360.59","319.83","","-6.88%"
"1989- 12- 01","353.40","346.01","354.10","339.63","","2.14%"
"1989- 11- 01","345.99","340.36","346.50","330.91","","1.65%"
"1989- 10- 01","340.36","349.15","360.44","327.12","","-2.52%"
"1989- 09- 01","349.15","351.45","354.13","341.37","","-0.65%"
"1989- 08- 01","351.45","346.08","352.73","339.00","","1.55%"
"1989- 07- 01","346.08","317.98","346.08","317.26","","8.84%"
"1989- 06- 01","317.98","320.51","329.19","314.38","","-0.79%"
"1989- 05- 01","320.52","309.64","323.06","304.06","","3.51%"
"1989- 04- 01","309.64","294.87","310.45","294.35","","5.01%"
"1989- 03- 01","294.87","288.86","299.99","286.46","","2.08%"
"1989- 02- 01","288.86","297.47","300.57","286.26","","-2.89%"
"1989- 01- 01","297.47","277.72","297.51","273.81","","7.11%"
"1988- 12- 01","277.72","273.68","280.45","270.47","","1.47%"
"1988- 11- 01","273.70","278.97","280.37","262.85","","-1.89%"
"1988- 10- 01","278.97","271.89","283.95","268.84","","2.60%"
"1988- 09- 01","271.91","261.52","274.87","256.98","","3.97%"
"1988- 08- 01","261.52","272.03","274.20","256.53","","-3.86%"
"1988- 07- 01","272.02","273.50","276.36","262.48","","-0.54%"
"1988- 06- 01","273.50","262.16","276.88","262.10","","4.33%"
"1988- 05- 01","262.16","261.36","263.70","248.85","","0.32%"
"1988- 04- 01","261.33","258.89","272.05","254.71","","0.94%"
"1988- 03- 01","258.89","267.82","272.64","256.07","","-3.33%"
"1988- 02- 01","267.82","257.05","267.82","247.82","","4.18%"
"1988- 01- 01","257.07","247.10","261.78","240.17","","4.04%"
"1987- 12- 01","247.08","230.32","253.35","221.24","","7.29%"
"1987- 11- 01","230.30","251.73","257.21","225.75","","-8.53%"
"1987- 10- 01","251.79","321.83","328.94","216.46","","-21.76%"
"1987- 09- 01","321.83","329.81","332.18","308.56","","-2.42%"
"1987- 08- 01","329.80","318.62","337.89","314.51","","3.50%"
"1987- 07- 01","318.66","303.99","318.85","302.53","","4.82%"
"1987- 06- 01","304.00","290.12","310.27","286.93","","4.79%"
"1987- 05- 01","290.10","286.99","298.69","277.01","","0.60%"
"1987- 04- 01","288.36","291.59","303.65","275.67","","-1.15%"
"1987- 03- 01","291.70","284.17","302.72","282.30","","2.64%"
"1987- 02- 01","284.20","274.08","287.55","273.16","","3.69%"
"1987- 01- 01","274.08","242.17","280.96","242.17","","13.18%"
"1986- 12- 01","242.17","249.22","254.87","241.28","","-2.83%"
"1986- 11- 01","249.22","243.97","249.22","235.51","","2.15%"
"1986- 10- 01","243.98","231.32","244.51","231.32","","5.47%"
"1986- 09- 01","231.32","252.93","254.13","228.08","","-8.54%"
"1986- 08- 01","252.93","236.12","254.24","231.92","","7.12%"
"1986- 07- 01","236.12","250.67","253.20","233.07","","-5.87%"
"1986- 06- 01","250.84","246.04","251.81","238.23","","1.41%"
"1986- 05- 01","247.35","235.52","249.19","232.26","","5.02%"
"1986- 04- 01","235.52","238.90","245.47","226.30","","-1.41%"
"1986- 03- 01","238.90","226.92","240.11","222.18","","5.28%"
"1986- 02- 01","226.92","211.78","227.92","210.82","","7.15%"
"1986- 01- 01","211.78","211.28","214.57","202.60","","0.24%"
"1985- 12- 01","211.28","202.17","213.08","200.10","","4.51%"
"1985- 11- 01","202.17","189.82","203.40","189.37","","6.51%"
"1985- 10- 01","189.82","182.06","190.15","181.16","","4.25%"
"1985- 09- 01","182.08","188.63","188.80","179.45","","-3.47%"
"1985- 08- 01","188.63","190.92","192.17","186.10","","-1.20%"
"1985- 07- 01","190.92","191.85","196.07","189.30","","-0.48%"
"1985- 06- 01","191.85","189.55","191.85","185.03","","1.21%"
"1985- 05- 01","189.55","179.83","189.98","178.35","","5.41%"
"1985- 04- 01","179.83","180.66","183.61","177.86","","-0.46%"
"1985- 03- 01","180.66","181.18","183.89","176.53","","-0.29%"
"1985- 02- 01","181.18","179.63","183.95","177.75","","0.86%"
"1985- 01- 01","179.63","167.20","180.27","163.36","","7.41%"
"1984- 12- 01","167.24","163.58","169.03","161.54","","2.24%"
"1984- 11- 01","163.58","166.09","170.41","162.99","","-1.51%"
"1984- 10- 01","166.09","166.10","169.62","160.02","","-0.01%"
"1984- 09- 01","166.10","166.68","169.65","163.06","","-0.35%"
"1984- 08- 01","166.68","150.66","168.80","150.66","","10.63%"
"1984- 07- 01","150.66","153.16","153.87","147.26","","-1.65%"
"1984- 06- 01","153.18","150.55","155.64","148.53","","1.75%"
"1984- 05- 01","150.55","160.05","162.11","148.68","","-5.94%"
"1984- 04- 01","160.05","159.18","160.69","154.12","","0.55%"
"1984- 03- 01","159.18","157.06","160.46","153.77","","1.35%"
"1984- 02- 01","157.06","163.41","164.00","152.13","","-3.89%"
"1984- 01- 01","163.41","164.93","169.54","162.03","","-0.92%"
"1983- 12- 01","164.93","166.37","166.77","161.58","","-0.88%"
"1983- 11- 01","166.40","163.55","168.07","161.63","","1.74%"
"1983- 10- 01","163.55","165.99","172.65","162.86","","-1.52%"
"1983- 09- 01","166.07","164.40","170.41","163.95","","1.02%"
"1983- 08- 01","164.40","162.34","165.91","158.50","","1.13%"
"1983- 07- 01","162.56","168.11","170.72","161.50","","-3.03%"
"1983- 06- 01","167.64","162.38","171.60","160.80","","3.23%"
"1983- 05- 01","162.39","164.41","166.99","160.29","","-1.24%"
"1983- 04- 01","164.43","152.92","164.43","150.17","","7.50%"
"1983- 03- 01","152.96","148.07","155.02","148.07","","3.31%"
"1983- 02- 01","148.06","145.29","150.88","141.90","","1.90%"
"1983- 01- 01","145.30","140.65","148.36","138.08","","3.31%"
"1982- 12- 01","140.64","138.56","143.68","134.79","","1.52%"
"1982- 11- 01","138.53","133.72","144.36","132.89","","3.60%"
"1982- 10- 01","133.72","120.40","140.40","120.15","","11.04%"
"1982- 09- 01","120.42","119.52","126.43","117.84","","0.76%"
"1982- 08- 01","119.51","107.71","120.26","102.20","","11.60%"
"1982- 07- 01","107.09","109.52","112.39","105.57","","-2.30%"
"1982- 06- 01","109.61","111.97","112.48","107.01","","-2.03%"
"1982- 05- 01","111.88","115.96","119.92","111.66","","-3.92%"
"1982- 04- 01","116.44","111.96","119.33","111.48","","4.00%"
"1982- 03- 01","111.96","113.11","114.80","104.46","","-1.02%"
"1982- 02- 01","113.11","119.81","119.81","110.03","","-6.05%"
"1982- 01- 01","120.40","122.55","123.72","113.63","","-1.75%"
"1981- 12- 01","122.55","126.35","127.32","121.04","","-3.01%"
"1981- 11- 01","126.35","122.35","126.97","119.13","","3.66%"
"1981- 10- 01","121.89","116.18","123.28","115.00","","4.91%"
"1981- 09- 01","116.18","122.79","124.58","110.19","","-5.38%"
"1981- 08- 01","122.79","130.92","135.18","122.29","","-6.21%"
"1981- 07- 01","130.92","130.01","131.78","125.96","","-0.22%"
"1981- 06- 01","131.21","132.59","135.67","128.77","","-1.04%"
"1981- 05- 01","132.59","132.81","134.92","128.78","","-0.17%"
"1981- 04- 01","132.81","136.00","137.72","131.58","","-2.35%"
"1981- 03- 01","136.00","131.27","138.38","128.56","","3.60%"
"1981- 02- 01","131.27","129.48","132.02","124.66","","1.33%"
"1981- 01- 01","129.55","135.76","140.32","128.57","","-4.57%"
"1980- 12- 01","135.76","140.52","140.66","125.32","","-3.39%"
"1980- 11- 01","140.52","127.47","141.96","127.23","","10.24%"
"1980- 10- 01","127.47","125.46","135.88","124.66","","1.60%"
"1980- 09- 01","125.46","122.38","132.17","121.79","","2.52%"
"1980- 08- 01","122.38","121.67","127.78","119.42","","0.58%"
"1980- 07- 01","121.67","114.24","123.93","113.54","","6.50%"
"1980- 06- 01","114.24","111.24","117.98","109.77","","2.70%"
"1980- 05- 01","111.24","106.29","112.72","103.50","","4.66%"
"1980- 04- 01","106.29","102.09","106.79","98.95","","4.11%"
"1980- 03- 01","102.09","113.66","114.34","94.23","","-10.18%"
"1980- 02- 01","113.66","114.16","120.22","111.33","","-0.44%"
"1980- 01- 01","114.16","107.94","117.17","103.26","","5.76%"
"1979- 12- 01","107.94","106.16","110.33","105.07","","1.68%"
"1979- 11- 01","106.16","101.82","107.89","99.42","","4.26%"
"1979- 10- 01","101.82","109.19","112.16","99.06","","-6.86%"
"1979- 09- 01","109.32","109.32","111.58","105.38","","0.00%"
"1979- 08- 01","109.32","103.81","109.84","103.14","","5.31%"
"1979- 07- 01","103.81","102.91","105.17","100.35","","0.87%"
"1979- 06- 01","102.91","99.08","103.67","98.57","","3.87%"
"1979- 05- 01","99.08","101.76","102.57","97.49","","-2.63%"
"1979- 04- 01","101.76","101.56","103.95","100.14","","0.17%"
"1979- 03- 01","101.59","96.28","103.31","95.98","","5.52%"
"1979- 02- 01","96.28","99.93","100.52","95.38","","-3.65%"
"1979- 01- 01","99.93","96.11","102.59","95.22","","3.97%"
"1978- 12- 01","96.11","95.01","98.58","92.64","","1.49%"
"1978- 11- 01","94.70","94.13","97.41","91.77","","1.66%"
"1978- 10- 01","93.15","102.54","106.23","91.65","","-9.16%"
"1978- 09- 01","102.54","103.29","108.05","100.66","","-0.73%"
"1978- 08- 01","103.29","100.68","106.27","99.95","","2.59%"
"1978- 07- 01","100.68","95.53","101.18","93.59","","5.39%"
"1978- 06- 01","95.53","97.24","101.84","93.99","","-1.76%"
"1978- 05- 01","97.24","96.83","100.32","94.57","","0.42%"
"1978- 04- 01","96.83","89.20","97.91","88.07","","8.54%"
"1978- 03- 01","89.21","87.04","91.35","86.45","","2.49%"
"1978- 02- 01","87.04","89.25","91.32","86.58","","-2.48%"
"1978- 01- 01","89.25","95.10","95.15","88.02","","-6.15%"
"1977- 12- 01","95.10","94.83","95.67","91.76","","0.28%"
"1977- 11- 01","94.83","92.19","97.11","90.01","","2.70%"
"1977- 10- 01","92.34","96.53","97.27","90.20","","-4.34%"
"1977- 09- 01","96.53","96.77","98.43","94.44","","-0.25%"
"1977- 08- 01","96.77","98.85","99.84","95.04","","-2.10%"
"1977- 07- 01","98.85","100.48","102.57","97.71","","-1.62%"
"1977- 06- 01","100.48","96.12","101.65","95.89","","4.54%"
"1977- 05- 01","96.12","98.44","100.93","95.52","","-2.36%"
"1977- 04- 01","98.44","98.42","102.07","96.53","","0.02%"
"1977- 03- 01","98.42","99.82","102.70","97.80","","-1.40%"
"1977- 02- 01","99.82","102.03","103.32","98.82","","-2.17%"
"1977- 01- 01","102.03","107.46","107.97","100.91","","-5.05%"
"1976- 12- 01","107.46","102.10","107.82","101.62","","5.25%"
"1976- 11- 01","102.10","102.90","103.78","98.18","","-0.78%"
"1976- 10- 01","102.90","105.24","105.75","99.21","","-2.22%"
"1976- 09- 01","105.24","102.91","108.72","102.60","","2.26%"
"1976- 08- 01","102.91","103.44","105.41","100.43","","-0.51%"
"1976- 07- 01","103.44","104.28","106.78","102.31","","-0.81%"
"1976- 06- 01","104.28","100.18","105.07","97.97","","4.09%"
"1976- 05- 01","100.18","101.64","103.99","98.26","","-1.44%"
"1976- 04- 01","101.64","102.77","104.63","99.57","","-1.10%"
"1976- 03- 01","102.77","99.71","104.39","98.23","","3.07%"
"1976- 02- 01","99.71","100.86","103.07","98.50","","-1.14%"
"1976- 01- 01","100.86","100.11","101.99","89.81","","11.83%"
"1975- 12- 01","90.19","91.24","91.90","86.15","","-1.15%"
"1975- 11- 01","91.24","89.04","92.33","87.63","","2.47%"
"1975- 10- 01","89.04","83.87","91.75","82.57","","6.16%"
"1975- 09- 01","83.87","86.88","87.42","81.57","","-3.46%"
"1975- 08- 01","86.88","88.75","89.04","82.21","","-2.11%"
"1975- 07- 01","88.75","95.19","96.58","87.68","","-6.77%"
"1975- 06- 01","95.19","91.32","95.85","89.30","","4.43%"
"1975- 05- 01","91.15","87.30","93.51","86.94","","4.41%"
"1975- 04- 01","87.30","83.36","88.79","79.66","","4.73%"
"1975- 03- 01","83.36","81.59","87.08","80.08","","2.17%"
"1975- 02- 01","81.59","76.98","83.56","76.00","","5.99%"
"1975- 01- 01","76.98","68.65","78.69","68.65","","12.28%"
"1974- 12- 01","68.56","69.80","69.80","64.13","","-2.02%"
"1974- 11- 01","69.97","73.90","77.41","66.85","","-5.32%"
"1974- 10- 01","73.90","63.54","75.90","60.96","","16.30%"
"1974- 09- 01","63.54","72.15","73.01","62.52","","-11.93%"
"1974- 08- 01","72.15","79.31","83.53","69.37","","-9.03%"
"1974- 07- 01","79.31","86.00","86.89","78.96","","-7.78%"
"1974- 06- 01","86.00","87.28","93.76","85.13","","-1.47%"
"1974- 05- 01","87.28","90.31","93.59","85.87","","-3.36%"
"1974- 04- 01","90.31","93.98","95.42","88.62","","-3.91%"
"1974- 03- 01","93.98","96.22","101.05","93.44","","-2.33%"
"1974- 02- 01","96.22","96.57","97.43","89.53","","-0.36%"
"1974- 01- 01","96.57","97.55","100.94","91.62","","-1.00%"
"1973- 12- 01","97.55","95.83","99.09","91.05","","1.66%"
"1973- 11- 01","95.96","108.29","109.20","94.88","","-11.39%"
"1973- 10- 01","108.29","108.43","112.82","107.08","","-0.13%"
"1973- 09- 01","108.43","104.25","110.45","102.13","","4.01%"
"1973- 08- 01","104.25","108.17","108.17","99.74","","-3.67%"
"1973- 07- 01","108.22","104.10","111.04","100.44","","3.80%"
"1973- 06- 01","104.26","104.95","109.52","101.45","","-0.66%"
"1973- 05- 01","104.95","106.97","112.25","101.36","","-1.89%"
"1973- 04- 01","106.97","111.52","113.65","105.44","","-4.08%"
"1973- 03- 01","111.52","111.68","115.61","107.41","","-0.14%"
"1973- 02- 01","111.68","116.03","118.98","109.80","","-3.75%"
"1973- 01- 01","116.03","118.06","121.74","114.97","","-1.71%"
"1972- 12- 01","118.05","116.67","119.79","114.63","","1.18%"
"1972- 11- 01","116.67","111.58","117.91","111.32","","4.56%"
"1972- 10- 01","111.58","110.55","112.26","106.27","","0.93%"
"1972- 09- 01","110.55","111.09","112.12","107.35","","-0.49%"
"1972- 08- 01","111.09","107.39","113.45","107.06","","3.45%"
"1972- 07- 01","107.39","107.14","110.27","104.43","","0.23%"
"1972- 06- 01","107.14","109.53","110.51","105.94","","-2.18%"
"1972- 05- 01","109.53","107.67","111.48","103.83","","1.73%"
"1972- 04- 01","107.67","107.20","111.11","106.18","","0.44%"
"1972- 03- 01","107.20","106.57","109.75","105.86","","0.59%"
"1972- 02- 01","106.57","103.94","107.16","103.10","","2.53%"
"1972- 01- 01","103.94","102.09","105.00","100.87","","1.81%"
"1971- 12- 01","102.09","93.99","102.21","93.95","","8.62%"
"1971- 11- 01","93.99","94.23","96.08","89.34","","-0.25%"
"1971- 10- 01","94.23","98.34","100.96","92.96","","-4.18%"
"1971- 09- 01","98.34","99.03","102.25","96.97","","-0.70%"
"1971- 08- 01","99.03","95.58","101.51","92.81","","3.61%"
"1971- 07- 01","95.58","99.16","101.52","95.08","","-3.16%"
"1971- 06- 01","98.70","99.63","102.07","96.92","","-0.93%"
"1971- 05- 01","99.63","103.95","104.42","98.68","","-4.16%"
"1971- 04- 01","103.95","100.31","105.60","99.63","","3.63%"
"1971- 03- 01","100.31","96.75","102.03","96.11","","3.68%"
"1971- 02- 01","96.75","95.88","99.59","94.92","","0.91%"
"1971- 01- 01","95.88","92.15","96.49","90.64","","4.05%"
"1970- 12- 01","92.15","87.20","92.99","86.11","","5.68%"
"1970- 11- 01","87.20","83.25","87.60","82.23","","4.74%"
"1970- 10- 01","83.25","84.30","87.75","82.29","","-1.25%"
"1970- 09- 01","84.30","81.52","84.99","79.95","","3.41%"
"1970- 08- 01","81.52","78.05","82.47","74.13","","4.45%"
"1970- 07- 01","78.05","78.07","79.03","70.69","","7.33%"
"1970- 06- 01","72.72","76.55","79.96","72.25","","-5.00%"
"1970- 05- 01","76.55","81.52","82.32","68.61","","-6.10%"
"1970- 04- 01","81.52","89.63","90.70","79.31","","-9.05%"
"1970- 03- 01","89.63","89.50","91.07","86.19","","0.15%"
"1970- 02- 01","89.50","85.02","90.33","84.64","","5.27%"