Date,Open,High,Low,Close,Volume
1896-05-31,29.39,29.43,29.11,29.43
1896-06-30,29.4,29.4,25.73,26.18
1896-07-31,25.05,25.49,22.09,23.19
1896-08-31,22.81,23.15,20.76,23.15
1896-09-30,23.19,26.51,23.19,26.11
1896-10-31,26.08,28.54,25.16,28.54
1896-11-30,29.64,32.52,29.64,29.69
1896-12-31,30.4,30.58,27.95,29.3
1897-01-31,29.24,31.32,29.24,30.46
1897-02-28,30.69,30.69,28.78,29.9
1897-03-31,30.19,30.51,28.34,28.59
1897-04-30,28.8,29.28,27.88,28.22
1897-05-31,28.09,28.93,28.01,28.71
1897-06-30,28.98,32.31,28.98,31.94
1897-07-31,32.02,34.73,31.58,34.73
1897-08-31,35.37,39.7,35.37,39.7
1897-09-30,40.15,40.43,36.92,36.92
1897-10-31,37.33,38.14,35.07,35.35
1897-11-30,35.57,35.57,33.06,34.37
1897-12-31,35.06,36.07,34.87,35.79
1898-01-31,35.71,36.7,34.76,36.22
1898-02-28,36.04,36.33,32.35,33.44
1898-03-31,34.38,34.38,30.42,32.9
1898-04-30,31.97,33.55,31.34,33.13
1898-05-31,35.2,38.2,34.98,38.2
1898-06-30,38.29,38.9,36.84,38.11
1898-07-31,38.39,39.23,37.86,39.12
1898-08-31,39.54,44.16,39.54,43.71
1898-09-30,43.82,43.82,38.7,38.7
1898-10-31,38.83,40.15,37.34,40.15
1898-11-30,39.79,41.43,39.48,41.43
1898-12-31,42.12,43.83,42.11,43.83
1899-01-31,43.75,47.09,43.75,46.61
1899-02-28,46.67,48.78,44.87,48.37
1899-03-31,48.26,54.1,47.73,53.83
1899-04-30,55.06,55.97,52.58,55.84
1899-05-31,54.02,55.07,48.89,48.89
1899-06-30,49.54,52.93,49.54,50.97
1899-07-31,51.77,53.4,51.1,53.4
1899-08-31,53.51,55.21,53.36,54.8
1899-09-30,54.73,56.21,52.43,52.78
1899-10-31,51.39,54.3,51.39,54.3
1899-11-30,54.44,54.9,53.36,54.72
1899-12-31,54.66,54.66,42.2,47.6
1900-01-31,49.34,49.34,45.82,47.89
1900-02-28,48.77,49.51,45.88,46.32
1900-03-31,46.05,47.36,44.26,47.36
1900-04-30,47.47,47.91,44.32,44.42
1900-05-31,44.41,44.41,41.01,42.8
1900-06-30,43.01,43.01,38.88,39.71
1900-07-31,40.18,42.75,40.18,41.14
1900-08-31,41.33,42.66,41.33,41.87
1900-09-30,42.4,42.43,38.36,39.21
1900-10-31,39.8,44.03,39.49,42.76
1900-11-30,42.86,50.02,42.86,48.23
1900-12-31,48.11,51.45,46.48,51.21
1901-01-31,51.02,51.02,47.02,48.39
1901-02-28,49.04,51.26,48.52,48.52
1901-03-31,49.08,50.28,48.66,50.28
1901-04-30,51.36,54.96,51.36,54.9
1901-05-31,54.99,54.99,48.8,54.88
1901-06-30,56.3,56.68,55.12,55.38
1901-07-31,55.83,55.83,50.31,51.88
1901-08-31,51.94,53.47,50.01,53.21
1901-09-30,52.62,53.07,47.96,48.28
1901-10-31,47.85,47.85,46.15,46.68
1901-11-30,46.84,48.18,46.7,47.57
1901-12-31,46.37,46.98,44.56,46.76
1902-01-31,46.58,47.2,45.32,47.04
1902-02-28,46.91,47.46,46.77,46.94
1902-03-31,47.29,48.9,46.91,48.66
1902-04-30,48.67,49.57,47.76,48.53
1902-05-31,48.6,48.6,46.88,48.1
1902-06-30,47.99,47.99,46.11,46.58
1902-07-31,46.53,48.73,46.53,47.67
1902-08-31,47.74,48.37,47.32,48
1902-09-30,48.2,49.08,46.4,47.91
1902-10-31,48.13,48.22,46.24,47.84
1902-11-30,47.47,47.47,43.9,45
1902-12-31,45.29,46.56,43.14,46.56
1903-01-31,46.79,48.04,46.49,47.05
1903-02-28,47.46,49.03,47.46,47.92
1903-03-31,47.81,47.81,45.53,46.09
1903-04-30,45.97,46.76,44.03,46.19
1903-05-31,46.24,46.4,43.65,43.65
1903-06-30,43.16,43.38,41.03,42.79
1903-07-31,42.59,42.59,36.1,36.76
1903-08-31,36.63,39.02,34.75,38.52
1903-09-30,38.2,38.2,32.66,33.17
1903-10-31,34.08,34.49,30.6,32.46
1903-11-30,32.92,32.92,30.53,32.11
1903-12-31,32.12,35.74,32.12,35.57
1904-01-31,34.6,36.57,34.09,35.57
1904-02-29,35.51,35.51,33.83,34.42
1904-03-31,34.66,35.58,33.65,35.58
1904-04-30,35.26,36.2,35.21,35.42
1904-05-31,35.07,35.28,34.35,34.89
1904-06-30,34.95,35.83,34.82,35.67
1904-07-31,35.71,38.37,35.71,37.75
1904-08-31,38.19,39.55,38.15,39.52
1904-09-30,39.79,41.71,39.79,41.71
1904-10-31,42.48,45.91,41.71,45.65
1904-11-30,46.15,52.41,46.15,52.16
1904-12-31,52.18,53.04,47.63,50.73
1905-01-31,50.98,51.66,49.8,51.66
1905-02-28,51.36,55.12,51.36,54.43
1905-03-31,55.09,57.95,54.98,57.95
1905-04-30,58.76,60.66,56.4,56.4
1905-05-31,55.69,56.53,51.69,53.83
1905-06-30,52.99,56.33,52.53,55.67
1905-07-31,57,59.17,56.51,59.17
1905-08-31,58.92,59.98,58.4,58.4
1905-09-30,57.69,59.32,56.93,58.95
1905-10-31,59.51,60.67,58.54,60.67
1905-11-30,60.94,65.1,58.54,65.1
1905-12-31,64.91,69.93,64.86,69.93
1906-01-31,68.8,74.6,68.4,72.92
1906-02-28,73.55,73.66,68.04,68.04
1906-03-31,67.96,70.22,67.28,69.96
1906-04-30,70.86,71.11,65.12,65.57
1906-05-31,63.76,67.91,62.61,67.9
1906-06-30,68.09,68.96,63.22,63.22
1906-07-31,62.37,66.93,61.69,66.93
1906-08-31,67.88,69.58,66.41,68.09
1906-09-30,67.58,69.58,67.58,68.79
1906-10-31,69.36,70.07,67.29,67.29
1906-11-30,67.93,69.04,66.91,68.89
1906-12-31,69.06,69.45,67.31,68.33
1907-01-31,68.26,69.8,65.74,66.41
1907-02-28,65.61,67.64,65,65.57
1907-03-31,65.27,65.27,54.6,58.05
1907-04-30,59.61,61.42,58.95,61.05
1907-05-31,60.74,61.58,55.98,56.56
1907-06-30,56.06,58.1,56.06,57.94
1907-07-31,58.86,59.77,57.12,57.12
1907-08-31,56.75,57.12,50.15,52.35
1907-09-30,53.24,53.51,49.05,49.05
1907-10-31,49.21,49.21,41.45,41.79
1907-11-30,41.69,42.35,38.39,41.65
1907-12-31,43.56,44.74,41.17,42.55
1908-01-31,43.17,47.68,43.17,45.41
1908-02-29,44.77,45,42.46,44.23
1908-03-31,44.24,50.64,44.16,48.89
1908-04-30,49.13,50.91,48.55,50.37
1908-05-31,50.64,54.41,50.54,52.7
1908-06-30,53.87,53.87,51.93,52.57
1908-07-31,52.7,58.19,52.7,58.19
1908-08-31,58.71,61.85,58.71,61.31
1908-09-30,61.24,61.24,55.82,57.89
1908-10-31,57.58,60.51,57.58,60.05
1908-11-30,60.04,64.01,60.04,63.23
1908-12-31,63.47,63.49,60.45,62.39
1909-01-31,61.75,62.97,61.18,61.29
1909-02-28,61.16,62.81,57.87,58.91
1909-03-31,59.91,62.37,59.13,62.37
1909-04-30,61.83,63.94,61.83,63.94
1909-05-31,64.28,66.76,64.28,66.76
1909-06-30,66.91,68.22,64.94,66.83
1909-07-31,67.32,69.65,67.22,69.65
1909-08-31,70.63,71.78,69.75,70.9
1909-09-30,70.61,72.51,69.43,72.1
1909-10-31,72.69,72.69,69.68,71.68
1909-11-30,72.02,72.81,69.45,69.54
1909-12-31,70.17,71.9,70.01,71.74
1910-01-31,71.22,71.22,65.66,66.57
1910-02-28,66.15,66.15,61.58,66.15
1910-03-31,66.46,68.48,64.8,64.97
1910-04-30,64.97,66.89,62.5,63.13
1910-05-31,61.93,64.7,61.36,62.52
1910-06-30,62.06,62.49,58.79,58.79
1910-07-31,59.13,59.13,53.32,56.18
1910-08-31,55.14,58.96,55.14,57.71
1910-09-30,56.91,57.74,56.74,57.74
1910-10-31,58.43,62.3,58.43,61.39
1910-11-30,61.63,62.18,59.77,59.77
1910-12-31,58.98,59.5,57.71,58.96
1911-01-31,59.47,61.51,59.17,61.51
1911-02-28,61.8,62.26,61.08,61.58
1911-03-31,61.22,61.22,59.62,60.31
1911-04-30,60.35,60.35,59.07,60.34
1911-05-31,60.94,62.58,59.82,61.96
1911-06-30,62.13,63.05,62.13,62.27
1911-07-31,62.02,62.63,61.76,62.3
1911-08-31,61.9,61.9,57.22,57.4
1911-09-30,57.34,58.14,52.83,54.43
1911-10-31,55.59,56.74,54.19,54.89
1911-11-30,56.27,59.29,56.27,58.64
1911-12-31,58.16,59.61,57.35,59.08
1912-01-31,59.65,59.65,58.08,58.08
1912-02-29,58.3,59.08,58.18,58.95
1912-03-31,59.44,64.18,59.44,63.9
1912-04-30,64.49,65.86,64.26,65.4
1912-05-31,65.42,65.53,63.44,63.74
1912-06-30,64.16,65.97,64.16,65.97
1912-07-31,66.16,66.41,63.71,64.97
1912-08-31,65.52,66.67,65.07,66.32
1912-09-30,65.63,68.19,65.46,68.19
1912-10-31,68.01,68.17,65.44,65.7
1912-11-30,65.55,66.59,64.88,66.09
1912-12-31,65.8,65.8,61.74,63.64
1913-01-31,64.04,64.15,59.06,60.63
1913-02-28,60.3,60.45,57.01,58.17
1913-03-31,58.9,59.16,56.67,58.61
1913-04-30,59.33,60.25,56.77,56.88
1913-05-31,57.66,57.9,56.77,56.77
1913-06-30,55.96,55.96,52.23,54.24
1913-07-31,54.63,57.26,54.49,56.84
1913-08-31,56.64,59.25,56.64,59.25
1913-09-30,58.62,60.14,58.14,58.21
1913-10-31,58.51,58.98,55.83,56.71
1913-11-30,56.32,56.57,55,55.2
1913-12-31,54.88,57.11,54.51,57.06
1914-01-31,56.92,60.03,56.92,59.97
1914-02-28,59.79,60.25,58.89,59.39
1914-03-31,59.14,60.42,58.75,59.67
1914-04-30,59.72,59.73,56.14,57.3
1914-05-31,58.02,59.14,57.33,59.08
1914-06-30,58.65,59.27,57.43,58.42
1914-07-31,58.18,59.24,51.73,51.73
1914-12-31,56.76,56.76,53.17,54.58
1915-01-31,55.44,58.51,55.4,56.54
1915-02-28,55.59,57.83,54.22,55.02
1915-03-31,55.29,61.3,55.29,60.83
1915-04-30,61.05,71.78,61.05,71.78
1915-05-31,69.54,69.58,60.38,65.01
1915-06-30,64.86,71.9,64.86,70.06
1915-07-31,69.85,75.79,67.88,75.53
1915-08-31,76.46,81.88,76.46,81.2
1915-09-30,81.79,90.58,80.7,90.58
1915-10-31,90.88,96.46,88.23,95.34
1915-11-30,95.16,97.56,91.08,96.71
1915-12-31,95.9,99.21,94.78,99.15
1916-01-31,98.81,98.81,90.58,90.58
1916-02-29,91.93,96.15,90.89,91.03
1916-03-31,90.69,96.08,90.52,93.25
1916-04-30,94.13,94.46,87,89.65
1916-05-31,90.3,92.62,87.71,91.8
1916-06-30,91.87,93.61,87.68,89.58
1916-07-31,89.37,90.53,86.4,89.25
1916-08-31,89.05,93.83,88.15,92.25
1916-09-30,91.19,103.73,91.19,103.73
1916-10-31,103.01,105.28,98.94,104.61
1916-11-30,105.9,110.15,105.63,105.97
1916-12-31,106.17,106.76,90.16,95
1917-01-31,96.15,99.18,95.43,95.43
1917-02-28,88.52,94.91,87.01,91.56
1917-03-31,91.1,98.2,91.1,96.72
1917-04-30,97.06,97.06,90.66,93.23
1917-05-31,93.42,97.41,89.08,97.38
1917-06-30,97.89,98.58,94.78,95.38
1917-07-31,95.23,95.31,90.48,91.75
1917-08-31,92.26,93.85,83.4,83.4
1917-09-30,81.2,86.02,81.2,83.46
1917-10-31,83.58,83.58,74.5,74.5
1917-11-30,71.41,74.23,68.58,72.65
1917-12-31,72.55,74.38,65.95,74.38
1918-01-31,76.68,79.8,73.38,79.8
1918-02-28,79.28,82.08,77.78,80.39
1918-03-31,79.93,79.93,76.41,76.41
1918-04-30,77.16,79.42,75.58,77.51
1918-05-31,78.16,84.04,78.08,78.08
1918-06-30,78.55,83.02,78.53,82.58
1918-07-31,81.81,82.96,80.51,81.23
1918-08-31,80.71,83.18,80.71,82.46
1918-09-30,83.84,84.68,80.29,84.68
1918-10-31,83.95,89.07,83.36,85.51
1918-11-30,85.53,87.66,79.87,80.93
1918-12-31,81.13,84.5,80.44,82.2
1919-01-31,82.6,83.35,79.88,80.61
1919-02-28,80.91,85.68,79.35,84.81
1919-03-31,85.58,89.05,84.24,88.85
1919-04-30,88.84,93.51,88.84,92.88
1919-05-31,93.26,105.5,93.26,105.5
1919-06-30,106.92,107.55,99.56,106.98
1919-07-31,108.13,112.23,107.16,107.16
1919-08-31,107.99,107.99,98.46,104.75
1919-09-30,106.26,111.42,105.84,111.42
1919-10-31,111.12,118.92,108.9,118.92
1919-11-30,119.62,119.62,103.72,103.72
1919-12-31,104.03,107.97,103.55,107.23
1920-01-31,108.76,108.85,101.9,104.21
1920-02-29,103.01,103.01,89.98,91.18
1920-03-31,92.4,104.17,91.68,102.81
1920-04-30,102.66,105.65,93.16,93.54
1920-05-31,94.03,94.41,87.36,91.81
1920-06-30,90.2,93.06,90.16,90.76
1920-07-31,91.26,94.51,86.86,86.86
1920-08-31,84.95,87.29,83.2,86.16
1920-09-30,86.34,89.95,82.95,82.95
1920-10-31,84,85.73,84,85.08
1920-11-30,85.48,85.48,73.12,76.04
1920-12-31,76.5,77.3,66.75,71.95
1921-01-31,72.67,76.76,72.67,76.13
1921-02-28,75.48,77.14,74.34,74.98
1921-03-31,74.71,77.78,72.25,75.76
1921-04-30,75.72,78.86,75.06,78.57
1921-05-31,79.65,80.03,73.44,73.44
1921-06-30,73.51,73.51,64.9,68.45
1921-07-31,68.35,69.86,67.25,68.37
1921-08-31,69.68,69.95,63.9,67.11
1921-09-30,66.83,71.72,66.83,71.08
1921-10-31,71.61,73.8,69.46,73.21
1921-11-30,73.44,78.01,73.44,77.3
1921-12-31,78.12,81.5,78.12,80.8
1922-01-31,78.91,82.95,78.59,81.3
1922-02-28,81.68,85.81,81.68,85.46
1922-03-31,85.33,89.05,85.33,89.05
1922-04-30,90.05,93.21,89.3,91.93
1922-05-31,93.35,96.41,91.5,95.63
1922-06-30,96.03,96.36,90.73,92.93
1922-07-31,92.92,97.05,92.92,97.05
1922-08-31,96.25,100.78,96.21,100.78
1922-09-30,101.28,102.05,96.58,97.12
1922-10-31,97.67,102.76,96.11,96.11
1922-11-30,96.23,99.53,92.03,94.65
1922-12-31,95.73,99.22,95.03,98.17
1923-01-31,98.77,99.42,96.96,97.43
1923-02-28,97.71,103.9,97.71,103.9
1923-03-31,104.23,105.38,102.36,102.77
1923-04-30,101.51,102.7,98.38,98.38
1923-05-31,97.4,98.19,92.77,97.53
1923-06-30,95.36,97.24,88.4,88.4
1923-07-31,88.95,91.72,86.91,86.91
1923-08-31,87.96,93.7,87.96,93.46
1923-09-30,92.25,93.61,87.94,87.97
1923-10-31,88.06,90.45,85.91,88.53
1923-11-30,88.41,92.88,88.41,92.34
1923-12-31,92.64,95.61,92.64,95.52
1924-01-31,95.65,100.66,94.88,100.66
1924-02-29,100.7,101.31,96.33,97.22
1924-03-31,97.1,98.86,92.54,93.01
1924-04-30,93.5,94.69,89.18,90.63
1924-05-31,92.12,92.47,88.33,89.9
1924-06-30,90.15,96.37,89.18,96.37
1924-07-31,96.45,102.14,96.38,102.14
1924-08-31,102.12,105.57,101.51,104.14
1924-09-30,104.95,104.95,101.07,103.16
1924-10-31,104.08,104.08,99.18,104.06
1924-11-30,103.89,111.1,103.89,111.1
1924-12-31,110.44,120.51,110.44,120.51
1925-01-31,121.25,123.6,119.46,123.49
1925-02-28,120.46,122.86,117.96,122.24
1925-03-31,123.93,125.68,115,116.75
1925-04-30,118.07,121.54,117.4,120.01
1925-05-31,121.1,129.95,121.1,129.95
1925-06-30,129.69,131.01,126.75,131.01
1925-07-31,131.76,136.5,131.33,133.81
1925-08-31,135.81,143.18,135.71,141.18
1925-09-30,139.78,147.16,137.22,143.46
1925-10-31,144.77,155.65,144.77,155.65
1925-11-30,157.88,159.39,148.18,151.08
1925-12-31,152.11,157.01,152.11,156.66
1926-01-31,158.75,158.93,153.2,157.35
1926-02-28,156.83,162.31,154.68,154.68
1926-03-31,150.9,153.13,135.2,140.46
1926-04-30,140.35,144.55,136.27,143.71
1926-05-31,140.53,143.43,137.16,143.43
1926-06-30,142.3,154.03,142.3,153.04
1926-07-31,153.01,160.58,153.01,160.18
1926-08-31,161.84,166.14,160.41,162.51
1926-09-30,163.93,166.1,156.26,158.19
1926-10-31,159.69,159.69,145.66,150.76
1926-11-30,150.51,157.37,150.51,156.55
1926-12-31,157.31,160.75,156.65,157.2
1927-01-31,155.16,156.56,152.73,156.41
1927-02-28,156.26,161.96,154.31,161.96
1927-03-31,161.42,161.78,158.41,160.08
1927-04-30,160.71,167.36,160.71,164.64
1927-05-31,164.55,172.96,164.55,172.96
1927-06-30,171.98,171.98,165.73,166.23
1927-07-31,168.06,181.4,168.06,181.4
1927-08-31,184.21,190.63,177.13,189.79
1927-09-30,191.56,198.97,191.56,197.59
1927-10-31,199.78,199.78,181.43,181.73
1927-11-30,181.65,198.21,181.65,198.21
1927-12-31,196.58,200.93,193.58,200.7
1928-01-31,203.35,203.35,194.5,198.59
1928-02-29,197.98,199.35,191.33,194.78
1928-03-31,194.81,214.45,194.53,213.35
1928-04-30,209.33,216.93,207.94,211.63
1928-05-31,213.48,220.88,211.73,219.81
1928-06-30,220.27,220.96,201.96,210.55
1928-07-31,208.21,216.62,205.1,216
1928-08-31,216.78,240.41,214.08,240.41
1928-09-30,240.38,241.72,236.86,239.43
1928-10-31,238.2,260.4,233.6,252.2
1928-11-30,252.2,299.4,251.6,293.4
1928-12-31,293.4,301.6,254.4,300
1929-01-31,300.3,320,292.9,317.5
1929-02-28,317.5,324.5,293.4,317.4
1929-03-31,317.8,324.4,281.5,308.9
1929-04-30,304.2,321.1,294.1,319.3
1929-05-31,319.3,331,290,297.4
1929-06-30,297.4,335.3,296.5,333.8
1929-07-31,333.8,350.3,332.2,347.7
1929-08-31,347.7,384,336.1,380.3
1929-09-30,380.3,386.1,341,343.5
1929-10-31,343.5,358.8,212.3,273.5
1929-11-30,269.8,269.8,195.4,239
1929-12-31,239,267.6,226.4,248.5
1930-01-31,248.5,268.7,241.8,267.1
1930-02-28,267.1,275,259.8,271.1,7965976
1930-03-31,271.1,289.1,268.9,286.1,11776476
1930-04-30,286.1,297.3,272.2,279.2,13490083
1930-05-31,279.2,282,249.8,275.1,9545198
1930-06-30,275.1,276.9,207.7,226.3,9778651
1930-07-31,226.3,243.7,214.6,234,5780534
1930-08-31,234,241.4,214.5,240.4,4922038
1930-09-30,240.4,247.2,202,204.9,6430380
1930-10-31,205.9,216.9,181.5,183.4,8119225
1930-11-30,183.4,191.3,168.3,183.39,7047164
1930-12-31,183.4,188,154.5,164.6,7139871
1931-01-31,164.6,175.7,160.1,167.6,5329015
1931-02-28,167.6,197,165.6,189.7,7922395
1931-03-31,189.7,191.9,170.6,172.4,7934441
1931-04-30,172.4,174.7,141.8,151.2,6672726
1931-05-31,151.2,156.2,127.3,128.5,5857223
1931-06-30,128.4,157.9,119.9,150.2,7201133
1931-07-31,150.2,156.7,133.7,135.4,4119253
1931-08-31,135.4,146.4,132.6,139.4,3130606
1931-09-30,139.4,140.5,95.8,96.6,6130608
1931-10-31,96.6,110.5,85.5,105.4,6180052
1931-11-30,105.4,119.2,89.3,93.9,4405448
1931-12-31,93.4,93.4,71.8,77.9,5963013
1932-01-31,77.9,87.8,69.9,76.2,4326549
1932-02-29,76.3,89.8,70.6,81.4,3751088
1932-03-31,81.4,89.9,72.5,73.3,3913044
1932-04-30,73.3,74.4,55.3,56.1,3995871
1932-05-31,56.1,60,44.3,44.7,2799256
1932-06-30,44.7,51.4,42.3,42.8,2778006
1932-07-31,42.8,54.7,40.6,54.3,2870531
1932-08-31,54.3,77,52.4,73.2,9960232
1932-09-30,73.2,81.4,64.3,71.6,8445977
1932-10-31,71.6,72.6,57.7,61.9,3707735
1932-11-30,61.6,68.9,55.9,56.4,2834895
1932-12-31,56.4,62.9,55,59.9,2923676
1933-01-31,59.9,65.3,58.9,60.9,2280006
1933-02-28,60.9,60.9,49.7,51.4,2351538
1933-03-31,51.4,64.6,50.3,55.4,2499478
1933-04-30,55.4,78.2,55,77.7,6241130
1933-05-31,77.7,91.3,75.6,88.1,12459030
1933-06-30,88.1,100.5,86.5,98.1,15526381
1933-07-31,99.2,110.5,84.5,90.8,14907976
1933-08-31,90.8,105.6,89.6,102.4,4786472
1933-09-30,102.4,107.7,92.4,94.8,5420306
1933-10-31,94.8,100.6,82.2,88.2,4895870
1933-11-30,88.2,101.9,86.8,98.1,4263438
1933-12-31,98.4,104,93.7,99.9,4352172
1934-01-31,99.9,110.1,96.3,107.2,6608279
1934-02-28,107.9,111.9,102.2,103.5,7065893
1934-03-31,103.5,106.4,97.4,101.9,3697950
1934-04-30,101.9,107,100.3,100.5,3663839
1934-05-31,100.5,101.4,89.1,94,3093614
1934-06-30,93.7,101.1,90.9,95.7,2036441
1934-07-31,95.7,99.4,84.6,88.1,2615961
1934-08-31,88.6,96,86.3,92.9,2060987
1934-09-30,92.9,94.1,85.7,92.6,1626503
1934-10-31,92.2,96.4,89.8,93.4,1958713
1934-11-30,93.4,103.5,92.8,102.9,2496116
1934-12-31,102.9,104.5,98.9,104,2949300
1935-01-31,104,106.7,99.5,101.7,2376188
1935-02-28,101.7,108.3,100,102.4,1737236
1935-03-31,102.4,103.7,96,100.8,2024894
1935-04-30,100.8,111.5,99.8,109.5,2648035
1935-05-31,109.5,117.6,107.8,110.6,3731735
1935-06-30,110.2,121.3,108.6,118.2,2824428
1935-07-31,118.2,127,117.8,126.2,3598293
1935-08-31,126.2,130,124.3,127.9,5303916
1935-09-30,127.9,135.3,126.4,131.9,4277194
1935-10-31,131.9,142.1,127,139.7,5623089
1935-11-30,140.1,149.4,140,142.4,7246717
1935-12-31,142.4,145.1,138.3,144.1,5539405
1936-01-31,144.1,150,141.6,149.5,8100142
1936-02-29,149.5,155.7,148.3,152.2,7474834
1936-03-31,152.2,159.9,149.7,156.3,6264594
1936-04-30,157,163.1,141.5,145.7,4818185
1936-05-31,145.7,153.6,144.2,152.6,2672938
1936-06-30,152.6,161.2,148.5,157.7,2691207
1936-07-31,157.7,168.2,154.9,164.9,4116775
1936-08-31,164.9,170.2,160.5,166.3,3383464
1936-09-30,166.3,170.7,164.8,167.8,3681297
1936-10-31,167.8,178.4,167.5,177.2,5413723
1936-11-30,177.2,186.4,175.4,183.2,6236090
1936-12-31,183.2,183.6,175.3,179.9,5823387
1937-01-31,179.9,187.8,177,185.7,7411811
1937-02-28,185.7,191.4,184.9,187.3,6194308
1937-03-31,187.3,195.6,179.3,186.4,6216818
1937-04-30,186.4,186.6,168.8,174.3,4236551
1937-05-31,174.3,176.9,166.2,174.7,2427975
1937-06-30,172.7,175.7,163.3,169.3,2026700
1937-07-31,169.3,185.9,169.1,185.6,2596926
1937-08-31,185.6,190.4,175.1,177.4,2131587
1937-09-30,176.1,176.1,146.2,154.6,3970247
1937-10-31,154.6,155.1,115.8,138.2,6489659
1937-11-30,137,137,112.5,123.5,3525281
1937-12-31,123.5,131.2,117.7,120.9,3397225
1938-01-31,120.9,135,118.9,121.9,2935944
1938-02-28,122.7,132.9,117.1,129.6,1773707
1938-03-31,129.6,131,97.5,99,2675421
1938-04-30,101,121.5,101,111.3,1976713
1938-05-31,110.6,120.3,106.4,107.7,1712487
1938-06-30,107.7,138.2,107.6,133.9,2900535
1938-07-31,133.9,146.3,133.5,141.3,4973105
1938-08-31,141,146.3,135.4,139.3,2511885
1938-09-30,139.3,143.4,127.9,141.5,2829480
1938-10-31,141.6,155.4,141.6,151.7,5077993
1938-11-30,151.7,158.9,145.2,149.8,3475539
1938-12-31,149.8,155.1,146.4,154.8,3469448
1939-01-31,154.8,155.5,136.1,143.8,3083473
1939-02-28,143.5,148.2,141.9,147.3,1639920
1939-03-31,147.3,152.7,131.4,131.8,2897375
1939-04-30,131.8,135.6,120,128.5,2322413
1939-05-31,128.5,139.2,127.5,138.2,1596773
1939-06-30,137.4,140.8,129,130.6,1492474
1939-07-31,130.6,145.7,130.5,143.3,2303645
1939-08-31,143.3,145.8,128.6,134.4,2140384
1939-09-30,134.4,157.8,127.5,152.5,6999388
1939-10-31,152.4,156,148.7,151.9,2948172
1939-11-30,151.9,153.5,144.9,145.7,2222125
1939-12-31,145.7,150.8,145.5,150.2,2243238
1940-01-31,150.5,153.3,143.1,145.3,1966067
1940-02-29,145.3,150,144.7,146.5,1651597
1940-03-31,146.5,149.5,145.1,148,1990564
1940-04-30,148,152.1,145.9,148.4,3284218
1940-05-31,148.1,148.7,110.5,116.2,4794146
1940-06-30,116.2,125.3,110.4,121.9,2036488
1940-07-31,121.8,127.2,120.1,126.1,911599
1940-08-31,126.1,129.6,120.9,129.4,945795
1940-09-30,129.4,135.5,127.2,132.6,1496351
1940-10-31,133,135.9,129.5,134.6,1739331
1940-11-30,134.6,138.8,129.1,131,2618376
1940-12-31,131,133,127.8,131.1,2169525
1941-01-31,131.1,134.3,123.9,124.1,1650965
1941-02-28,124,125.3,117.4,122,1081088
1941-03-31,122,124.4,120,122.7,1259779
1941-04-30,122.9,125.3,115.3,115.5,1390877
1941-05-31,115.5,118.5,114.8,115.8,1212367
1941-06-30,115.8,125.1,115.5,123.1,1325645
1941-07-31,123.1,131.1,122.5,128.8,2217843
1941-08-31,128.7,128.7,124.7,127.7,1390381
1941-09-30,127.8,130,125.3,126.8,1698819
1941-10-31,126.8,127.2,117.4,117.8,1613419
1941-11-30,117.8,120.3,114,114.2,1917008
1941-12-31,114.2,117.5,105.5,111,4394173
1942-01-31,111,115,108.3,109.1,1744055
1942-02-28,109.1,111,104.7,106.8,975613
1942-03-31,106.5,107.2,98.3,99.5,1049555
1942-04-30,99.5,102.8,92.7,95.4,930322
1942-05-31,95.4,101.5,95.1,100.9,889854
1942-06-30,101,106.6,100.9,103.3,925045
1942-07-31,103.3,109.5,102.3,105.7,1032411
1942-08-31,105.7,107.9,104.5,106.3,937674
1942-09-30,106.3,110,105.6,109.1,1175193
1942-10-31,109.2,116,109.2,114.1,1963495
1942-11-30,114.1,118.2,113.5,114.5,1661455
1942-12-31,114.5,120.2,114.1,119.4,2358054
1943-01-31,119.5,125.8,118.8,125.6,2276666
1943-02-28,125.6,130.4,124.7,130.1,2972981
1943-03-31,130.1,137.2,127.9,136.6,4494143
1943-04-30,136.6,137.5,129.8,135.5,4163285
1943-05-31,135.5,142.2,135.4,142.1,4357000
1943-06-30,142.1,143.7,138.1,143.4,2862504
1943-07-31,143.4,146.4,135.5,136,3301447
1943-08-31,136,138.8,133.9,136.6,1770458
1943-09-30,136.7,142.5,136.4,140.1,1809525
1943-10-31,140.1,140.6,135.9,138.3,1758367
1943-11-30,138.3,139,128.9,129.6,2292925
1943-12-31,129.8,136.7,129.8,135.9,2333689
1944-01-31,135.9,138.9,135.5,137.4,2145794
1944-02-29,137.4,137.7,134.1,136.3,2091300
1944-03-31,136.3,141.4,135.9,138.8,3376698
1944-04-30,138.8,139.5,134.8,136.2,1803256
1944-05-31,136.2,142.4,136.2,142.2,2109707
1944-06-30,142.2,149.2,140.9,148.4,4589782
1944-07-31,148.4,150.9,145.3,146.1,3654320
1944-08-31,146.1,149.3,144.5,147,2456622
1944-09-30,147,147.5,142.5,146.7,1975947
1944-10-31,146.7,149.2,145.3,146.5,2170111
1944-11-30,146.5,148.4,145.2,147.3,2178952
1944-12-31,147.3,153,146.8,152.3,3759120
1945-01-31,152.3,156.7,150.5,153.7,4799078
1945-02-28,153.7,160.9,153.2,160.4,4097203
1945-03-31,160.4,162.2,151.7,154.4,3489888
1945-04-30,154.5,165.7,154.5,165.4,3419330
1945-05-31,165.4,169.5,162.6,168.3,3874519
1945-06-30,168.3,169.6,163.8,165.3,5126849
1945-07-31,165.4,167.8,160,162.9,2254519
1945-08-31,162.9,174.5,161.1,174.3,2443991
1945-09-30,174.3,181.9,173.2,181.7,3094516
1945-10-31,181.9,187.6,181.9,186.6,4207677
1945-11-30,187,193,185.8,191.5,4975195
1945-12-31,191.5,196.6,187.5,192.9,4269346
1946-01-31,192.7,206.6,189.8,204.7,6197122
1946-02-28,204.7,207.5,184.1,190.1,4096832
1946-03-31,190.1,201.9,186.8,199.8,3280832
1946-04-30,199.8,209.4,198.5,206.8,3881462
1946-05-31,206.6,213.4,199.3,212.3,3616022
1946-06-30,212.3,212.5,199,205.6,2449629
1946-07-31,205.8,208.6,194.3,201.6,2323316
1946-08-31,201.6,205,187.3,189.2,2348125
1946-09-30,188.2,188.2,164.1,172.4,4903764
1946-10-31,172.4,177.1,160.5,169.2,3701061
1946-11-30,169.5,175.8,162.3,169.8,3083735
1946-12-31,169.1,178.6,166.2,177.2,3645342
1947-01-31,177.2,181.3,170.1,180.4,2861646
1947-02-28,180.4,185,176.3,178.9,2867557
1947-03-31,178.9,182.5,171.9,177.2,2439930
1947-04-30,177.2,178.3,165.4,170.6,2530834
1947-05-31,170.6,175.1,161.4,169.3,2545719
1947-06-30,168.7,178.1,167.4,177.3,1971433
1947-07-31,177.5,187.7,177.5,183.2,2871434
1947-08-31,183.2,184.4,176.5,178.9,1598125
1947-09-30,178.9,180.6,174,177.5,1807901
1947-10-31,177.5,186.2,176.9,181.8,3588275
1947-11-30,182,184,178.9,179.4,2179729
1947-12-31,179.4,181.8,175.2,181.2,3373990
1948-01-31,181.2,181.7,170.7,175.1,2552712
1948-02-29,174.92,176.1,164.1,167.3,2707611
1948-03-31,167.5,177.6,165,177.2,2734335
1948-04-30,177.2,184.5,176,180.5,4274895
1948-05-31,180.5,192.3,179.5,190.7,5150080
1948-06-30,190.7,194.5,186.6,189.5,3489479
1948-07-31,189.5,192.4,179.6,181.3,2774443
1948-08-31,181.3,184.5,177.4,181.7,1697375
1948-09-30,181.7,185.6,175.8,178.3,2081961
1948-10-31,178.3,190.9,178.2,188.6,2599180
1948-11-30,188.6,190.5,170.4,171.2,3610643
1948-12-31,171.7,179.2,171.7,177.3,3371057
1949-01-31,177,182.5,174.4,179.1,2372260
1949-02-28,179.1,180.9,170.6,173.1,2033102
1949-03-31,173.4,179.2,172.6,177.1,2576174
1949-04-30,177,177.8,172.3,174.2,2510083
1949-05-31,174.2,177.2,168.1,168.4,2235119
1949-06-30,168.4,169,160.6,167.4,2006396
1949-07-31,167.4,177,166.9,175.9,2118052
1949-08-31,175.9,182.7,175.7,178.7,2458651
1949-09-30,178.7,184.1,177.6,182.5,2689854
1949-10-31,182.2,191.4,180.9,189.5,3765119
1949-11-30,189.5,194.4,187,191.6,3462863
1949-12-31,191.6,200.9,191.1,200.1,4808127
1950-01-31,200.1,202.9,193.9,201.8,5210309
1950-02-28,201.8,205.4,200.6,203.4,4179048
1950-03-31,203.4,211.2,201.1,206.1,4903090
1950-04-30,206.1,216.3,205.7,214.3,6041511
1950-05-31,214.3,224.2,214.1,223.4,5655797
1950-06-30,223.4,229.2,206,209.1,5149631
1950-07-31,209.1,212.2,195.4,209.4,5026698
1950-08-31,209.6,222.2,209.6,216.9,4387223
1950-09-30,217.1,228.2,217.1,226.4,4352262
1950-10-31,228.94,232.8,223.6,225,7581860
1950-11-30,225,236.6,220.6,227.6,5260924
1950-12-31,227.6,236.5,221.3,235.4,7342788
1951-01-31,235.4,250.6,234.9,248.8,8754908
1951-02-28,248.8,257.1,247,252.1,5198341
1951-03-31,252.1,254.4,242.1,247.9,4545388
1951-04-30,247.8,260.8,245,259.1,4256624
1951-05-31,259.1,264.4,241.9,249.7,4853238
1951-06-30,249.7,255.2,240.7,242.6,4084967
1951-07-31,242.6,262.2,241.1,257.9,3156772
1951-08-31,257.9,271.6,256.8,270.3,3792864
1951-09-30,270.3,277.5,269.1,271.2,4107524
1951-10-31,271.2,277.3,256.4,262.4,5248292
1951-11-30,262.4,265.8,254.9,261.3,3251603
1951-12-31,261.6,270,261.6,269.2,3868020
1952-01-31,269.2,276.3,266.3,270.7,4575354
1952-02-29,270.7,272.9,257.4,260.1,3498289
1952-03-31,260.1,270.4,259,269.5,3687750
1952-04-30,269.5,269.8,257,257.6,3661270
1952-05-31,257.4,265.2,254.7,262.9,3014441
1952-06-30,262.9,275,260.8,274.3,2879330
1952-07-31,274.3,280.3,271.7,279.6,2718050
1952-08-31,279.6,281.5,272.3,275,2356019
1952-09-30,275.1,278.2,267.1,270.6,2718050
1952-10-31,270.6,272.4,262,269.2,2925570
1952-11-30,269.2,284.7,268.8,283.7,3407146
1952-12-31,283.7,293.5,280.7,291.9,4565418
1953-01-31,291.9,295.1,284.3,289.8,3841358
1953-02-28,289.8,290.9,279.7,284.3,3402636
1953-03-31,284.3,292,277.6,279.9,4794365
1953-04-30,279.9,281.8,269.3,274.8,3876323
1953-05-31,274.8,280,270.7,272.3,2901886
1953-06-30,272.3,272.6,260.8,268.3,2941358
1953-07-31,268.3,275.9,267,275.4,2508276
1953-08-31,275.4,278.3,260.8,261.2,2694366
1953-09-30,261.2,266.6,254.4,264,3062035
1953-10-31,264,277,262.5,275.8,2899627
1953-11-30,275.8,282.5,273,281.4,3004516
1953-12-31,281.4,285.2,275.9,280.9,4077072
1954-01-31,280.9,294.6,278.9,292.4,3769180
1954-02-28,292.4,295.4,287.4,294.5,3751135
1954-03-31,294.5,305.2,294.2,303.5,4968052
1954-04-30,303.5,321.7,301.7,319.3,5138802
1954-05-31,319.3,328.9,316.5,327.5,4725569
1954-06-30,327.5,338.8,315.7,333.5,4762788
1954-07-31,333.5,349.2,330.7,347.9,5846622
1954-08-31,347.9,352.3,333.2,335.8,6417298
1954-09-30,335.8,366,335,360.5,4648879
1954-10-31,360.5,366.4,350.7,352.1,4981585
1954-11-30,352.1,391.2,350.2,386.8,7106398
1954-12-31,386.8,407.2,381.8,404.4,8625570
1955-01-31,404.4,412.5,385.7,408.8,8419181
1955-02-28,408.8,416.6,403.5,411.9,6858275
1955-03-31,411.9,421.8,387.5,409.7,7418800
1955-04-30,409.8,432.8,409.8,425.7,6066545
1955-05-31,425.7,428.3,412.6,424.9,5387372
1955-06-30,424.9,453.5,422.5,451.4,6554893
1955-07-31,451.4,471.7,449.5,465.9,5466549
1955-08-31,465.9,469.5,445.7,468.2,4714293
1955-09-30,468.2,489.9,446.7,466.6,6775946
1955-10-31,465.4,465.4,433.2,454.9,4753763
1955-11-30,454.9,490.8,452.1,483.3,5228575
1955-12-31,483.3,490.6,478.3,488.4,5750754
1956-01-31,488.4,490.9,458.2,470.7,5318801
1956-02-29,470.7,491.1,463.9,483.7,5229705
1956-03-31,483.7,515.9,483.6,511.8,6801882
1956-04-30,511.8,524.4,501,516.1,6101507
1956-05-31,516.1,519.8,463.9,478.1,6001133
1956-06-30,478.1,494.8,468,492.8,4193236
1956-07-31,492.8,520,488.4,517.8,5148502
1956-08-31,517.8,523.3,492.2,502,5013163
1956-09-30,502,512.7,474.2,475.3,4197747
1956-10-31,475.3,494.1,463.8,479.9,4545118
1956-11-30,480.2,500.5,460.4,472.8,4911659
1956-12-31,474.3,501.6,474.3,499.5,5225192
1957-01-31,499.5,502.6,471.1,479.2,5429330
1957-02-28,479.2,479.8,453.1,464.6,4232711
1957-03-31,464.6,477.6,463.7,474.8,4017296
1957-04-30,474.8,497.2,473.1,494.4,5446245
1957-05-31,494.4,508.9,492.3,504.9,5927826
1957-06-30,504.9,516.8,492.9,503.3,4902636
1957-07-31,503.3,523.1,500.8,508.5,5439477
1957-08-31,508.5,510,469,484.4,4668050
1957-09-30,484.4,487.6,452.2,456.3,4160532
1957-10-31,456.3,468.2,416.2,441,7213540
1957-11-30,438.8,452.5,425.5,449.9,5436094
1957-12-31,449.9,452.2,423.9,435.7,6139856
1958-01-31,435.7,453.6,434.4,450,5619931
1958-02-28,450,459.8,434,439.9,4532712
1958-03-31,439.9,457.3,439.2,446.8,5264668
1958-04-30,446.8,458.3,437.3,455.9,5669555
1958-05-31,455.9,465.3,453.8,462.7,6101509
1958-06-30,462.7,482.1,462.7,478.2,6384591
1958-07-31,478.2,508.4,472.1,503,7830456
1958-08-31,503,514.4,499.8,508.6,7026319
1958-09-30,508.6,535,508.4,532.1,8113538
1958-10-31,532.1,549.7,527.7,543.2,10716548
1958-11-30,543.2,572.1,538.4,557.5,8385340
1958-12-31,557.5,587.4,553.7,583.7,8564669
1959-01-31,583.7,601.7,580.5,594,9387975
1959-02-28,594,607.6,571.7,603.5,7419930
1959-03-31,603.5,618.8,599.2,601.7,9296620
1959-04-30,601.7,635.3,599.7,623.8,8553389
1959-05-31,623.8,647.2,611.7,643.8,8001886
1959-06-30,643.8,648.7,613.1,643.6,7253014
1959-07-31,643.6,678.7,643.6,674.9,7996247
1959-08-31,674.9,683.9,639.3,664.4,5757525
1959-09-30,664.4,665,613.3,631.7,6484969
1959-10-31,631.7,649.4,624.6,646.6,6916922
1959-11-30,646.6,661.2,631,659.2,7274439
1959-12-31,660,682.7,658.5,679.4,8143987
1960-01-31,679.4,688.2,619.5,622.6,7209029
1960-02-29,622.6,640.3,603.3,630.1,6823313
1960-03-31,630.1,632.7,596.2,616.6,7410909
1960-04-30,616.6,637.2,598.4,601.7,6462412
1960-05-31,601.7,631.4,596.6,625.5,7758276
1960-06-30,625.5,663.6,620.6,640.6,8625569
1960-07-31,640.6,650.1,597.3,616.7,6074442
1960-08-31,616.7,645.3,600.3,626,7368051
1960-09-30,626,631,565.5,580.1,6861660
1960-10-31,580.1,600,564.2,580.4,6131960
1960-11-30,580.4,614.1,579.4,597.2,6993613
1960-12-31,597.2,621.3,589.8,615.9,8721434
1961-01-31,615.9,655.2,606.1,648.2,10038728
1961-02-28,648.2,667,632.8,662.1,10458276
1961-03-31,662.1,685.3,656.4,676.6,12975572
1961-04-30,676.6,700.8,671.6,678.7,11476694
1961-05-31,678.7,714.7,673,696.7,10933087
1961-06-30,696.7,708.9,673.5,684,8243235
1961-07-31,684,709.8,674.8,705.4,6861660
1961-08-31,705.4,730.2,702.2,719.9,9190605
1961-09-30,719.9,733.5,688.9,701.2,7197748
1961-10-31,701.2,714.1,693.1,703.9,8230833
1961-11-30,703.9,741.3,700.1,721.6,9898877
1961-12-31,721.6,739.9,714.6,731.1,9290982
1962-01-31,731.1,734.4,686.9,700,9111659
1962-02-28,700,721.4,696.1,708.1,7458276
1962-03-31,708.1,727.1,703.3,707,7718801
1962-04-30,707,709.7,661.5,665.3,7357900
1962-05-31,665.3,679.2,553.8,613.4,12522187
1962-06-30,613.4,616.5,524.6,561.3,11296246
1962-07-31,561.3,601.2,557.3,597.9,8363916
1962-08-31,597.6,622,582.1,609.2,9067676
1962-09-30,609.2,612.4,572.2,579,7092861
1962-10-31,579,594.8,549.7,589.8,8874818
1962-11-30,589.8,656,582.7,649.3,10829327
1962-12-31,649.3,658.8,636.9,652.1,9120679
1963-01-31,652.1,686.9,643.6,682.9,11500380
1963-02-28,682.9,694.3,661.3,662.9,8923312
1963-03-31,662.9,687.4,656.7,682.5,8431584
1963-04-30,682.5,721.9,680.6,717.7,11987600
1963-05-31,717.7,730.4,708.2,727,11850003
1963-06-30,727,733,702.4,706.9,10215797
1963-07-31,706.9,719,684.4,695.4,8606396
1963-08-31,695.4,731.7,691.2,729.3,10336469
1963-09-30,729.3,753,728.6,732.8,12024818
1963-10-31,732.8,767.2,732.5,755.2,13800005
1963-11-30,755.2,759.6,710.8,750.5,10600380
1963-12-31,750.5,773.1,746.8,763,11127073
1964-01-31,763,791.6,760.3,785.3,13152636
1964-02-29,785.3,803.5,778,800.1,9937222
1964-03-31,800.1,824.7,798.1,813.3,12830081
1964-04-30,813.3,831.6,807.2,810.8,13927450
1964-05-31,810.8,836.1,808.6,820.6,11182337
1964-06-30,820.6,835.9,796.9,831.5,10843991
1964-07-31,831.5,855.2,829.3,841.1,11570307
1964-08-31,841.1,847.2,820.8,838.5,9279705
1964-09-30,838.5,880.2,836.6,875.4,12380080
1964-10-31,875.4,886.3,861.4,873.1,12016923
1964-11-30,873.1,897,866.8,875.4,10560908
1964-12-31,875.4,881.4,850.2,874.1,11730458
1965-01-31,874.1,907.8,865.1,902.9,12307899
1965-02-28,902.9,911.8,877.5,903.5,12663166
1965-03-31,903.5,907.9,884.7,889.1,14078576
1965-04-30,889.1,925.4,886.8,922.3,13434592
1965-05-31,922.3,944.8,904.8,918,12427449
1965-06-30,918,921.9,832.7,868,14454142
1965-07-31,868,890,857.7,881.7,9603389
1965-08-31,881.7,901.9,874.8,893.1,12301134
1965-09-30,893.1,945,887,930.6,17501508
1965-10-31,930.6,967.5,923.2,960.8,18506395
1965-11-30,960.8,970,937.2,946.7,16591358
1965-12-31,946.7,976.6,924.4,969.3,21547001
1966-01-31,969.3,1000.6,961.9,983.5,20628951
1966-02-28,983.5,1001.1,946.1,951.9,18698124
1966-03-31,951.9,955.2,905.4,924.8,21581960
1966-04-30,924.8,961.9,921.8,933.7,20995493
1966-05-31,933.7,939.6,859.1,884.1,19318425
1966-06-30,884.1,910.4,858.9,870.1,15840230
1966-07-31,870.1,901.2,843.8,847.4,13512410
1966-08-31,846.6,860.6,759.5,788.4,18319179
1966-09-30,788.4,822.9,763.4,774.2,13537222
1966-10-31,774.2,816.6,735.7,807.1,16489856
1966-11-30,807.1,827.3,784.8,791.6,16441360
1966-12-31,791.6,827.2,779.3,785.7,18616921
1967-01-31,785.7,857,776.2,849.9,23392111
1967-02-28,849.9,871.7,828,839.4,20633464
1967-03-31,839.4,883.4,835.3,866,25335344
1967-04-30,866,903.7,839,897.1,21163536
1967-05-31,897.1,915.9,850.4,852.6,24633839
1967-06-30,852.6,892.8,836.9,860.3,23976320
1967-07-31,860.3,918.7,853.2,904.2,24443238
1967-08-31,904.2,933.1,887.8,901.3,23436094
1967-09-30,901.3,951.6,894.2,926.7,23115794
1967-10-31,926.7,940.4,876.2,879.7,25351135
1967-11-30,879.7,894.9,839.4,875.8,23845492
1967-12-31,875.8,910.4,868.8,905.1,25878952
1968-01-31,905.1,921.9,850.5,855.5,29635721
1968-02-29,855.5,871.3,826.5,840.5,19666922
1968-03-31,840.5,854.3,817.6,840.7,21722938
1968-04-30,849.2,918.1,849.2,912.2,33318049
1968-05-31,912.2,935.7,885.5,899,32930082
1968-06-30,899,924.9,891.5,897.8,29017673
1968-07-31,897.8,933.8,877,883,27343989
1968-08-31,883,902.4,863.3,896,21876321
1968-09-30,896,945.9,892.6,935.8,25748124
1968-10-31,935.8,974.3,932.9,952.4,30699251
1968-11-30,952.4,989.6,936.5,985.1,28404141
1968-12-31,985.1,994.7,936.7,943.8,30166921
1969-01-31,943.8,960.2,915.5,946.1,30067671
1969-02-28,946.1,959.2,895.4,905.2,23401134
1969-03-31,905.2,941.4,895.8,935.5,22456019
1969-04-30,935.5,956.3,908.8,950.2,26721433
1969-05-31,950.2,974.9,928.6,937.6,28937600
1969-06-30,937.6,938.7,862.5,873.2,26518424
1969-07-31,873.2,893.9,788.1,815.5,25742485
1969-08-31,815.6,843.7,800.6,836.7,22745868
1969-09-30,836.7,846,804.5,813.1,24716172
1969-10-31,813.1,868,794,856,34974817
1969-11-30,856,871.8,800.4,812.3,24090232
1969-12-31,812.3,816.4,764.5,800.4,30716171
1970-01-31,800.4,819.2,739.1,744.1,24934970
1970-02-28,744.1,784.2,738.8,777.6,25757150
1970-03-31,777.6,803.3,758,785.6,24009027
1970-04-30,785.6,798.8,716.7,736.1,25163914
1970-05-31,736.1,740.8,627.5,700.4,29122561
1970-06-30,700.4,728.2,674.9,683.5,25536096
1970-07-31,683.5,743.4,665.3,734.1,25684966
1970-08-31,734.1,772,702.8,764.6,24664290
1970-09-30,764.6,778.3,741.5,760.7,34205646
1970-10-31,760.7,791.1,746.7,755.6,29477826
1970-11-30,755.6,797.5,749.5,794.1,25972561
1970-12-31,794.1,848.2,787.5,838.9,37809027
1971-01-31,838.9,873.8,826.5,868.5,39303387
1971-02-28,868.5,898.1,862,878.8,41863539
1971-03-31,878.8,922.3,873.2,904.4,43971432
1971-04-30,904.4,958.1,897.5,941.8,45290984
1971-05-31,941.8,948.9,898.6,907.8,34664668
1971-06-30,907.8,929.6,866.3,891.1,34239478
1971-07-31,891.1,908.8,854.4,858.4,29914290
1971-08-31,858.4,917.8,834.9,898.1,36148879
1971-09-30,898.1,925.7,877.5,887.2,28502258
1971-10-31,887.2,910.6,827.8,839,31587973
1971-11-30,839,855.2,790.7,831.3,31174065
1971-12-31,831.3,902.5,831.1,890.2,42595496
1972-01-31,890.2,924,882.8,902.2,42799629
1972-02-29,902.2,933.3,894.3,928.1,42435344
1972-03-31,928.1,957,924.1,940.7,45524442
1972-04-30,940.7,977.7,933.6,954.2,41502638
1972-05-31,954.2,979.5,917.4,960.7,37877824
1972-06-30,960.7,967.7,917.8,929,35471059
1972-07-31,929,955.5,900.1,924.7,32582712
1972-08-31,924.7,980.4,922,963.7,40255268
1972-09-30,963.7,977.4,927.2,953.3,27765794
1972-10-31,953.3,964.1,917.1,955.5,35785718
1972-11-30,955.5,1029.7,955.3,1018.2,45740983
1972-12-31,1018.2,1042.4,996.1,1020,38879329
1973-01-31,1022.9,1067.2,988.1,999,44407898
1973-02-28,999,1019.9,938.8,955.1,35886093
1973-03-31,955.1,985.3,911.1,951,38729328
1973-04-30,951,975.3,907.5,921.4,31352262
1973-05-31,921.4,965.2,875.5,901.4,38036848
1973-06-30,901.4,935.6,864.5,891.7,30304517
1973-07-31,890.2,944.1,863.9,926.4,34712035
1973-08-31,924.4,924.4,845.5,887.6,30954140
1973-09-30,887.6,964.6,873.3,947.1,37113163
1973-10-31,947.1,997.6,937.7,956.6,47695494
1973-11-30,956.6,963.8,810.4,822.3,45101510
1973-12-31,820.5,861.1,783.6,850.9,43351133
1974-01-31,850.9,890.4,816.6,855.6,40956772
1974-02-28,855.6,871.4,795.7,860.5,28963539
1974-03-31,860.5,904,841.8,846.7,34917300
1974-04-30,846.7,875.9,818.7,836.8,28677072
1974-05-31,836.8,870.4,788.8,802.2,31031958
1974-06-30,802.2,865.5,796.5,802.4,27669931
1974-07-31,802.4,812,753.1,757.4,30912411
1974-08-31,757.4,803.4,651.6,678.6,31590230
1974-09-30,678.6,686.5,598.8,607.9,31584591
1974-10-31,607.9,689.3,573.2,665.5,42530081
1974-11-30,665.5,692.8,599.8,618.7,32344742
1974-12-31,616.1,619.8,570,616.2,35543240
1975-01-31,619.1,717.3,619.1,703.7,48783842
1975-02-28,703.7,757.4,695.2,739.1,47778951
1975-03-31,739.1,796.9,731.5,768.2,51159027
1975-04-30,768.2,835.2,736.6,821.3,50904141
1975-05-31,821.3,868.6,808,832.3,51596623
1975-06-30,835.7,884.6,811.2,879,50413538
1975-07-31,879,888.9,819.2,831.5,49813539
1975-08-31,831.5,844,785.8,835.3,31744742
1975-09-30,835.3,849,789.7,793.9,31028575
1975-10-31,793.9,859.6,780.5,836,41226320
1975-11-30,836,865.8,821.1,860.7,35956021
1975-12-31,860.7,866.1,812.8,852.4,39357524
1976-01-31,852.4,986,848.6,975.3,71710154
1976-02-29,975.3,1002.8,946.2,972.6,67232713
1976-03-31,972.6,1018,964.2,999.5,59729330
1976-04-30,999.5,1017.7,963,996.9,44239853
1976-05-31,995.8,1015.8,955.8,975.2,40140230
1976-06-30,975.2,1012.9,951.7,1002.8,47056021
1976-07-31,1002.8,1017.9,974.2,984.6,44409028
1976-08-31,984.6,1004.7,954.1,973.7,39099253
1976-09-30,973.7,1026.3,971.2,990.2,46776321
1976-10-31,990.2,995.6,928.3,964.9,40758276
1976-11-30,964.9,972,917.9,947.2,42972187
1976-12-31,947.2,1006.8,942.2,1004.7,60287602
1977-01-31,1004.7,1007.8,944.9,954.4,56573690
1977-02-28,954.4,963.8,926,936.4,44936846
1977-03-31,936.4,971.6,914.2,919.1,49025194
1977-04-30,919.6,956.1,909.7,926.9,45457900
1977-05-31,926.9,949.5,892.6,898.7,48024816
1977-06-30,898.7,934.4,896.5,916.3,54716171
1977-07-31,916.3,927.8,878.8,890.1,51031583
1977-08-31,890.1,900,844.4,861.5,48907900
1977-09-30,861.5,879.8,830.3,847.1,43271057
1977-10-31,847.1,855.6,792.8,818.4,46631962
1977-11-30,816,850.1,794.5,829.7,55790981
1977-12-31,829.7,835.2,800.4,831.2,50861282
1978-01-31,830.5,830.5,759.4,769.9,48286471
1978-02-28,769.9,787.4,739.2,742.1,41571432
1978-03-31,742.1,777.8,736.8,757.4,56118050
1978-04-30,756.7,846.2,747.1,837.3,78451132
1978-05-31,837.3,865.6,813.8,840.6,87490606
1978-06-30,840.6,879.3,808,819,75145492
1978-07-31,819,866.3,800.9,862.3,61070308
1978-08-31,862.3,911.2,855.3,876.8,97550757
1978-09-30,876.8,917.2,850.9,865.8,75822183
1978-10-31,865.8,909.4,782.1,792.5,76955644
1978-11-30,805.5,831.7,779.1,799,58038725
1978-12-31,802,829.9,781,805,55538351
1979-01-31,805,865,798.5,839.2,69443241
1979-02-28,839.2,844,802.2,808.8,53651507
1979-03-31,808.8,877,807.3,862.2,73285720
1979-04-30,859.9,884.6,847.3,854.9,69998125
1979-05-31,854.9,863.2,815.1,822.3,70346621
1979-06-30,822.3,853.1,817.7,842,86109252
1979-07-31,840.6,857,818,846.4,76775194
1979-08-31,846.4,893.6,839.1,887.6,93050757
1979-09-30,887.6,902.1,857.9,878.6,80519554
1979-10-31,877.7,904.9,796,815.7,96759028
1979-11-30,815.7,838.6,792.2,822.4,73719930
1979-12-31,822.4,851.5,814.8,838.7,80098877
1980-01-31,838.7,897.9,809,875.9,130628576
1980-02-29,875.9,918.2,847.3,863.1,107879326
1980-03-31,863.1,868.7,730,785.8,98847749
1980-04-30,785.8,818.5,751.4,817.1,76030833
1980-05-31,817.1,866.1,795.8,850.9,86269177
1980-06-30,850.9,896.3,840.7,867.9,93570682
1980-07-31,867.9,946.9,862.6,935.3,115237226
1980-08-31,935.3,972.4,918.5,932.6,108909026
1980-09-30,932.6,980.7,918,932.4,119290605
1980-10-31,932.4,987.3,911.6,924.5,116367297
1980-11-30,924.5,1009.4,924.5,993.3,111440983
1980-12-31,991.1,991.1,894.5,964,115674821
1981-01-31,964,1013.1,930.9,947.3,107765419
1981-02-28,947.1,980.9,923.9,974.6,92065042
1981-03-31,974.6,1021.8,955.7,1003.9,132465794
1981-04-30,1003.9,1031,981.8,997.8,126707152
1981-05-31,997.8,1005.2,956.7,991.8,102116172
1981-06-30,991.8,1023,972.7,976.9,124169552
1981-07-31,976.9,979,918.7,952.3,107590607
1981-08-31,952.3,961.5,879.1,881.5,103821434
1981-09-30,881.5,892.4,807.5,850,108173689
1981-10-31,850,885.8,823.6,852.6,112506772
1981-11-30,856,892.8,834.6,889,111419554
1981-12-31,889,898.5,862.8,875,108210906
1982-01-31,875,887.4,832.6,871.1,109211286
1982-02-28,866.3,866.3,802.2,824.4,109645493
1982-03-31,824.4,840.7,786.2,822.8,143085346
1982-04-30,822.8,871.2,820.5,848.4,128175571
1982-05-31,848.4,876.5,815.5,819.5,115766170
1982-06-30,819.5,824.3,784.3,811.9,125247750
1982-07-31,811.9,843.8,787.4,808.6,129156772
1982-08-31,808.6,911,770,901.3,188658278
1982-09-30,901.3,951.2,888.7,896.3,174590981
1982-10-31,896.3,1051.9,892,991.7,233296245
1982-11-30,991.7,1078.5,983.7,1039.3,209440607
1982-12-31,1039.3,1077.9,983.4,1046.5,189708278
1983-01-31,1046.5,1105.1,1013.4,1075.7,209503763
1983-02-28,1075.7,1135.3,1046.8,1112.2,182193614
1983-03-31,1112.2,1158.5,1105.1,1130,214502259
1983-04-30,1130,1235.5,1102.2,1226.2,201526693
1983-05-31,1225.4,1244.5,1174.3,1200,220277824
1983-06-30,1200,1260.7,1176.8,1222,222615796
1983-07-31,1222,1258.5,1179.8,1199.2,179342486
1983-08-31,1199.2,1219.8,1152.1,1216.2,192454517
1983-09-30,1216.2,1270.7,1197.4,1233.1,196219179
1983-10-31,1233.1,1286.7,1214.6,1225.2,202400755
1983-11-30,1225.2,1297,1208.7,1276,204655268
1983-12-31,1276,1285.5,1231.2,1258.6,208518052
1984-01-31,1258.6,1295.4,1209.6,1220.6,249886472
1984-02-29,1220.6,1226.6,1115,1154.6,217986095
1984-03-31,1154.6,1197.2,1131.7,1164.9,209201508
1984-04-30,1164.9,1182.1,1117.3,1170.8,193706398
1984-05-31,1170.8,1194.4,1083.2,1104.9,218746246
1984-06-30,1106.3,1144.8,1079.4,1132.4,204459030
1984-07-31,1132.4,1139.5,1079,1115.3,187466168
1984-08-31,1115.3,1253.8,1115,1224.4,284990983
1984-09-30,1222.4,1248.2,1189.8,1206.7,199472938
1984-10-31,1206.7,1246,1158.2,1207.4,237995871
1984-11-30,1207.4,1247.5,1180.8,1188.9,198189477
1984-12-31,1188.9,1223.6,1154.7,1211.6,200864668
1985-01-31,1211.6,1305.1,1178.7,1286.8,298840051
1985-02-28,1286.1,1307.5,1263.9,1284,207294118
1985-03-31,1284,1310,1242.8,1266.8,201073950
1985-04-30,1266.8,1290.3,1245.8,1258.1,187088163
1985-05-31,1258.1,1320.8,1235.5,1315.4,242262522
1985-06-30,1315.4,1341.2,1285.4,1335.5,205358814
1985-07-31,1335.5,1372.2,1313.4,1347.5,235144544
1985-08-31,1347.5,1361.9,1303.7,1334,176010423
1985-09-30,1334,1348.2,1283.7,1328.6,196970609
1985-10-31,1328.6,1384.6,1315.2,1374.3,253041050
1985-11-30,1374.3,1486.9,1367.8,1472.1,303568108
1985-12-31,1472.1,1570.9,1450.3,1546.7,361815575
1986-01-31,1546.7,1582.9,1491.7,1571,311035182
1986-02-28,1571,1732.6,1564.3,1709.1,336898744
1986-03-31,1709.1,1849.7,1663.1,1818.6,355908738
1986-04-30,1818.6,1870.2,1712.5,1784,441251736
1986-05-31,1784,1898.2,1746.5,1876.7,299592182
1986-06-30,1876.7,1908.6,1816.1,1892.7,264746101
1986-07-31,1892.7,1922.7,1741.6,1775.3,341472815
1986-08-31,1775.3,1918.6,1730.6,1898.3,297872967
1986-09-30,1898.3,1933.4,1733,1767.6,401265631
1986-10-31,1767.6,1894.7,1761.3,1877.7,399822927
1986-11-30,1877.7,1926.5,1797.1,1914.2,365647046
1986-12-31,1914.2,1971.7,1880.5,1896,404337391
1987-01-31,1897.4,2214.6,1897.4,2158,536617269
1987-02-28,2158,2266.5,2134.4,2224,428957558
1987-03-31,2224,2399.6,2209.1,2304.7,440902596
1987-04-30,2304.7,2428.4,2180.5,2286.4,561362531
1987-05-31,2286.4,2380.8,2188.5,2291.6,476465014
1987-06-30,2291.6,2466,2260.6,2418.5,423026852
1987-07-31,2418.5,2588.3,2391.3,2572.1,490704025
1987-08-31,2572.1,2746.7,2526,2663,505691066
1987-09-30,2663,2695.5,2469,2596.3,465245637
1987-10-31,2596.3,2662.4,1616.2,1993.5,829247258
1987-11-30,1993.5,2027.5,1795.3,1833.6,436518001
1987-12-31,1833.6,2019.6,1733.9,1938.8,457095276
1988-01-31,1950.8,2075.3,1846,1958.2,432996317
1988-02-29,1958.2,2078.1,1878.2,2071.6,464318428
1988-03-31,2071.6,2110.9,1951.3,1988.1,431724970
1988-04-30,1988.1,2121.4,1968,2032.3,413622650
1988-05-31,2032.3,2072,1921.6,2031.1,405209529
1988-06-30,2031.1,2169.1,2021.3,2141.7,486080584
1988-07-31,2141.7,2169.5,2047.3,2128.7,318900398
1988-08-31,2128.7,2151.9,1978.7,2031.7,367390551
1988-09-30,2027.6,2140.3,1988.4,2112.9,331283418
1988-10-31,2112.9,2195.1,2082.3,2148.7,387815984
1988-11-30,2148.7,2186,2026.7,2114.5,332311227
1988-12-31,2114.5,2193.8,2075.4,2168.6,302476916
1989-01-31,2168.4,2350.2,2127.1,2342.3,437770132
1989-02-28,2342.3,2369.3,2232.1,2258.4,394601109
1989-03-31,2258.4,2351.1,2234.5,2293.6,407614443
1989-04-30,2293.6,2433.1,2282.1,2418.8,369229698
1989-05-31,2418.8,2521.6,2356.3,2480.2,470972111
1989-06-30,2480.2,2545,2412.9,2440.1,517350462
1989-07-31,2440.1,2668.3,2431.5,2660.7,363685721
1989-08-31,2660.7,2758.7,2619.7,2737.3,478315633
1989-09-30,2737.3,2768.2,2636.8,2692.8,365602185
1989-10-31,2692.8,2809.1,2496.9,2645.1,546446820
1989-11-30,2645.1,2718.2,2563.1,2706.3,360239608
1989-12-31,2706.3,2784.8,2658.7,2753.2,371267139
1990-01-31,2753.2,2834,2513.1,2590.5,474852337
1990-02-28,2590.5,2674.3,2541,2627.3,354121109
1990-03-31,2627.3,2775,2607.9,2707.2,428182810
1990-04-30,2707.2,2793.5,2627.7,2656.8,322267959
1990-05-31,2656.8,2908.2,2651.4,2876.7,438900427
1990-06-30,2876.7,2956.9,2821.5,2880.7,431018541
1990-07-31,2880.7,3024.3,2833.2,2905.2,422391921
1990-08-31,2905.2,2931.2,2459.4,2614.4,591421393
1990-09-30,2614.4,2665.4,2367.8,2452.5,362930902
1990-10-31,2452.5,2565.4,2344.3,2442.3,483008620
1990-11-30,2442.3,2581.2,2415.6,2559.7,383315394
1990-12-31,2559.7,2662.6,2534.7,2633.7,358859052
1991-01-31,2633.7,2747.3,2447,2736.4,463849427
1991-02-28,2736.4,2955.2,2694.3,2882.2,538635085
1991-03-31,2882.2,3017.8,2829.2,2913.9,466836720
1991-04-30,2913.9,3030.5,2848.5,2887.9,462068263
1991-05-31,2887.9,3044.5,2834.5,3027.5,427121227
1991-06-30,3027.5,3057.5,2879.3,2906.8,384171245
1991-07-31,2911.7,3039.6,2897.4,3024.8,368347677
1991-08-31,3024.8,3068.7,2836.3,3043.6,424693263
1991-09-30,3043.6,3066.6,2963.1,3016.8,372753410
1991-10-31,3016.8,3091,2925.5,3069.1,454044546
1991-11-30,3069.1,3091.9,2861.1,2894.7,386002543
1991-12-31,2894.7,3204.6,2832.3,3168.8,455154698
1992-01-31,3168.8,3313.5,3119.9,3223.4,561191123
1992-02-29,3223.4,3307.5,3193.4,3267.7,411130674
1992-03-31,3267.7,3318.4,3176.2,3235.5,402410666
1992-04-30,3235.5,3388,3141.8,3359.1,458318497
1992-05-31,3359.1,3434,3316.6,3396.9,388246433
1992-06-30,3396.9,3435.3,3242.3,3318.5,475367277
1992-07-31,3318.5,3414.9,3255.4,3393.8,449796254
1992-08-31,3393.8,3413.2,3200.9,3257.4,363350563
1992-09-30,3257.4,3391.4,3226.6,3271.7,436568406
1992-10-31,3271.7,3291.4,3087.4,3226.3,530762523
1992-11-30,3226.3,3326.5,3176.8,3305.2,452312462
1992-12-31,3305.2,3364.9,3229.8,3301.1,510667601
1993-01-31,3301.1,3338.1,3219.3,3310,620026095
1993-02-28,3310,3472.9,3262.5,3370.8,577461550
1993-03-31,3370.8,3497.3,3334.1,3435.1,586110555
1993-04-30,3435.1,3499.4,3338.4,3427.6,646058575
1993-05-31,3427.6,3582.2,3402.4,3527.4,472628664
1993-06-30,3527.4,3577.3,3445.8,3516.1,461162202
1993-07-31,3516.1,3604.9,3443.3,3539.5,500950855
1993-08-31,3539.5,3681.7,3523.5,3651.3,526636921
1993-09-30,3651.3,3665.5,3501.5,3555.1,487799801
1993-10-31,3555.1,3713.6,3541.7,3680.6,529080126
1993-11-30,3680.6,3749.9,3585.9,3684,576727780
1993-12-31,3684,3818.9,3673.3,3754.1,517215486
1994-01-31,3754.1,4002.8,3715.2,3978.4,619510530
1994-02-28,3978.4,3998.1,3811.8,3832,508553268
1994-03-31,3832,3911.8,3544.1,3636,667495377
1994-04-30,3633.1,3733.2,3520.8,3681.7,566707150
1994-05-31,3681.7,3788.8,3609.7,3758.4,533520132
1994-06-30,3758.4,3839.9,3603.9,3625,554586535
1994-07-31,3625,3782.6,3611,3764.5,450588291
1994-08-31,3764.5,3954.5,3722.4,3913.4,625125947
1994-09-30,3913.4,3972.7,3804.5,3843.2,591439421
1994-10-31,3843.2,3958.3,3736.2,3908.1,636255049
1994-11-30,3908.1,3919.9,3612.1,3739.2,613262380
1994-12-31,3739.2,3882.2,3639,3834.4,543621361
1995-01-31,3834.4,3955.6,3794.4,3843.9,615766993
1995-02-28,3843.9,4034.6,3809.2,4011.1,576077509
1995-03-31,4011.1,4213.7,3935.3,4157.7,702556940
1995-04-30,4157.7,4348.9,4129.7,4321.3,547577239
1995-05-31,4321.3,4480.7,4278.7,4465.1,689931177
1995-06-30,4465.1,4614.2,4394.6,4556.1,641515800
1995-07-31,4556.1,4768,4530.3,4708.5,665571231
1995-08-31,4708.5,4772.6,4552.8,4610.6,623010348
1995-09-30,4610.6,4839.5,4594.7,4789.1,707183600
1995-10-31,4789.1,4845.1,4638.4,4755.5,685548131
1995-11-30,4755.5,5143.1,4719.7,5074.5,598997728
1995-12-31,5074.5,5266.7,5016.7,5117.1,601180013
1996-01-31,5117.1,5433.2,5000.1,5395.3,851029061
1996-02-29,5395.3,5693.4,5319.4,5485.6,769143821
1996-03-31,5485.6,5755.9,5395.3,5587.1,831080448
1996-04-30,5587.1,5737.1,5382.7,5569.1,756558716
1996-05-31,5569.1,5833,5327.7,5643.2,801910748
1996-06-30,5643.2,5770.6,5559.7,5654.6,647786732
1996-07-31,5654.6,5769.9,5170.1,5528.9,781830428
1996-08-31,5528.9,5762,5507.8,5616.2,615818078
1996-09-30,5616.2,5952.1,5550.4,5882.2,649332141
1996-10-31,5882.2,6162.8,5833.7,6029.4,766247845
1996-11-30,6029.4,6606.3,5975.3,6521.7,741550860
1996-12-31,6521.7,6624,6206.8,6448.3,781144321
1997-01-31,6448.3,6953.6,6319,6813.1,1003911968
1997-02-28,6813.1,7112.9,6683.4,6877.7,765937623
1997-03-31,6877.7,7158.3,6532.5,6583.5,962222680
1997-04-30,6583.5,7081.2,6315.8,7009,1098947312
1997-05-31,7009,7430.2,6891.4,7331,1046586165
1997-06-30,7331,7868.4,7214.3,7672.8,1086741307
1997-07-31,7672.8,8329,7613.5,8222.6,1265247431
1997-08-31,8222.6,8340.1,7580.9,7622.4,1123152624
1997-09-30,7651,8078.4,7556.2,7945.3,1212543164
1997-10-31,7945.3,8218.3,6936.5,7442.1,1605095015
1997-11-30,7443.1,7934.5,7334.8,7823.1,1068312081
1997-12-31,7823.6,8209.6,7563.2,7908.3,1156104932
1998-01-31,7908.3,8072.9,7391.6,7906.5,1324283712
1998-02-28,7987.5,8616.7,7987.5,8545.7,1031502342
1998-03-31,8528.8,8997.1,8377.3,8799.8,1191888292
1998-04-30,8818.5,9287.3,8715.6,9063.4,1387952162
1998-05-31,9106.5,9312,8761,8900,1075213009
1998-06-30,8907.9,9155,8524.6,8952,1287575769
1998-07-31,9011.6,9412.6,8786.5,8883.3,1413621631
1998-08-31,8868.1,8948.2,7517.7,7539.1,1641526802
1998-09-30,7583.1,8253.8,7379.7,7842.6,1897084924
1998-10-31,7749.4,8718.3,7399.8,8592.1,1916242263
1998-11-30,8645.7,9458,8573.6,9116.6,1389030499
1998-12-31,9039.6,9390.8,8610.6,9181.4,1507537496
1999-01-31,9212.8,9759.4,8994.3,9358.8,1746607485
1999-02-28,9405.4,9662.8,9025.4,9306.6,1545207200
1999-03-31,9315.3,10158.6,9163.4,9786.2,1993061481
1999-04-30,9825.3,11072.3,9707.9,10789,2096790813
1999-05-31,10788.8,11244.4,10373,10559.7,1842690654
1999-06-30,10549.1,11120.2,10334.4,10970.8,1766862157
1999-07-31,10972.4,11321.6,10595,10655.2,1672231768
1999-08-31,10654.8,11428.9,10487.3,10829.3,1857647784
1999-09-30,10828.4,11218.4,10055.2,10337,1751819805
1999-10-31,10335.7,10883.1,9884.2,10729.9,2203354091
1999-11-30,10730.8,11112.8,10536.3,10877.8,3250888976
1999-12-31,10876.5,11568.8,10859.7,11497.1,3166533039
2000-01-31,11501.8,11750.3,10701.6,10940.5,3854528039
2000-02-29,10937.7,11118.9,9836.06,10128.3,3661494695
2000-03-31,10128.1,11234.7,9731.81,10921.9,4755115957
2000-04-30,10863.3,11425.5,10201.5,10733.9,4049373321
2000-05-31,10749.4,10971.2,10258.8,10522.3,3816890173
2000-06-30,10532.3,10863,10335.5,10447.9,3824126439
2000-07-31,10450.4,10874.6,10393.1,10522,3248783370
2000-08-31,10523.8,11319.1,10518.3,11215.1,3621108351
2000-09-30,11219.5,11401.2,10567.3,10650.9,4640062364
2000-10-31,10659.1,10995.4,9651.68,10971.1,6255173450
2000-11-30,10966.2,11006.5,10292.4,10414.5,4680192930
2000-12-31,10416.8,10917.7,10299.2,10786.8,5202344213
2001-01-31,10790.9,11028,10468,10887.4,5825541600
2001-02-28,10884.8,11035.1,10294,10495.3,4164880478
2001-03-31,10493.2,10859.5,9106.54,9878.78,6086252984
2001-04-30,9877.16,10906.4,9375.72,10735,5241031667
2001-05-31,10734,11350,10673.2,10911.9,4517985038
2001-06-30,10913.6,11196.5,10394.7,10502.4,4914283802
2001-07-31,10505,10679.1,10120.9,10522.8,4606172003
2001-08-31,10527.4,10609.7,9869.14,9949.75,4084168616
2001-09-30,9946.98,10182.4,8062.34,8847.56,5554759747
2001-10-31,8845.97,9598.17,8732.14,9075.14,5722004051
2001-11-30,9087.45,9992.79,9014.46,9851.56,4722425666
2001-12-31,9848.93,10184.5,9703.9,10021.5,4302825515
2002-01-31,10021.7,10300.2,9529.46,9920,4955879805
2002-02-28,9923.04,10255.2,9580.32,10106.1,4652164021
2002-03-31,10111,10673.1,10111,10403.9,4589682689
2002-04-30,10402.1,10402.1,9811.57,9946.22,5111918993
2002-05-31,9944.9,10353.4,9802.23,9925.25,4800415862
2002-06-30,9923.94,9986.49,8926.57,9243.26,5784168832
2002-07-31,9239.25,9410.38,7532.66,8736.59,7714467845
2002-08-31,8732.58,9077.01,8030.82,8663.5,5590642091
2002-09-30,8659.27,8726.9,7460.78,7591.93,5601908914
2002-10-31,7593.04,8558.63,7197.49,8397.03,7499011044
2002-11-30,8395.64,8950.33,8298.68,8896.09,5409985755
2002-12-31,8902.95,9043.37,8242.91,8341.63,4607566626
2003-01-31,8342.38,8869.29,7917.16,8053.81,5426222597
2003-02-28,8053.74,8152.53,7628.99,7891.08,4418161371
2003-03-31,7890.24,8522.18,7416.64,7992.13,5616150047
2003-04-30,7992.83,8559.77,7979.69,8480.09,5129205464
2003-05-31,8478.48,8868.33,8340.23,8850.26,4686576298
2003-06-30,8851.45,9352.77,8851.45,8985.44,4988281842
2003-07-31,8983.66,9361.4,8871.2,9233.8,4911291229
2003-08-31,9232.68,9499.97,8997.11,9415.82,3853879822
2003-09-30,9416.67,9686.08,9230.47,9275.06,4385913043
2003-10-31,9276.8,9850.01,9276.8,9801.12,4841224057
2003-11-30,9802.46,9903.57,9585.5,9782.46,3548587438
2003-12-31,9785.35,10462.4,9785.35,10453.9,4246382773
2004-01-31,10452.7,10705.2,10367.4,10488.1,4380559182
2004-02-29,10487.8,10753.6,10434.7,10583.9,3894939757
2004-03-31,10582.2,10695.5,10007.5,10357.7,5009641368
2004-04-30,10357.5,10570.8,10219.2,10225.6,4530214935
2004-05-31,10227.3,10386.3,9852.19,10188.5,4016908733
2004-06-30,10187.2,10487.5,10134.9,10435.5,4111272967
2004-07-31,10434,10448.1,9913.92,10139.7,4452490024
2004-08-31,10138.5,10211.2,9783.91,10173.9,3756723852
2004-09-30,10170.1,10363.4,9977.92,10080.3,4638675325
2004-10-31,10082,10270.4,9708.4,10027.5,5293121026
2004-11-30,10028.7,10602.8,10010.2,10428,5666407055
2004-12-31,10425.8,10868.1,10418.6,10783,5745405266
2005-01-31,10783.8,10867.4,10368.6,10489.9,5424708252
2005-02-28,10489.7,10853.4,10489.6,10766.2,5038587179
2005-03-31,10769,10984.5,10396.2,10503.8,5820048289
2005-04-30,10504.6,10568.9,10000.5,10192.5,5852661254
2005-05-31,10192,10560.8,10075.5,10467.5,4842694194
2005-06-30,10462.9,10656.3,10253.5,10275,5026654274
2005-07-31,10273.6,10717.7,10175.4,10640.9,4821289551
2005-08-31,10641.8,10719.4,10349.4,10481.6,5082600084
2005-09-30,10481.4,10701.8,10351,10568.7,5229139533
2005-10-31,10569.5,10608.6,10156.5,10440.1,5829071576
2005-11-30,10437.5,10959.8,10388.8,10805.9,5386009887
2005-12-31,10806,10940.3,10709.4,10717.5,5224016548
2006-01-31,10718.3,11047.8,10661.2,10864.9,6552175472
2006-02-28,10862.1,11159.2,10737.7,10993.4,5759109152
2006-03-31,10993.2,11335,10922.7,11109.3,6680342788
2006-04-30,11113,11417.7,11039.1,11367.1,5583722207
2006-05-31,11367.8,11670.2,11030.5,11168.3,7360453914
2006-06-30,11169,11285.8,10698.8,11150.2,6960083767
2006-07-31,11149.3,11257.1,10683.3,11185.7,5548690682
2006-08-31,11184.8,11407.1,11042.6,11381.2,4668976200
2006-09-30,11382.8,11742,11323.8,11679.1,4494892657
2006-10-31,11679,12167,11653,12080.7,5666152246
2006-11-30,12080.2,12361,11965.3,12221.9,4723317316
2006-12-31,12221,12529.9,12090,12463.2,4381701259
2007-01-31,12459.5,12657,12337.4,12621.7,5075134535
2007-02-28,12617.2,12795.9,12086,12268.6,4347291743
2007-03-31,12265.6,12511,11939.6,12354.3,5633058281
2007-04-30,12354.5,13162,12324.3,13062.9,4819999199
2007-05-31,13062.8,13673.1,13041.3,13627.6,5039918344
2007-06-30,13628.7,13692,13251.5,13408.6,5228150714
2007-07-31,13409.6,14022,13199.8,13212,5511927988
2007-08-31,13211.1,13695.8,12517.9,13357.7,6199765855
2007-09-30,13358.4,13924.8,13021.9,13895.6,4328625148
2007-10-31,13895.7,14198.1,13407.5,13930,5011330839
2007-11-30,13924.2,13924.2,12724.1,13371.7,5980337139
2007-12-31,13368.2,13780.1,13092,13264.8,4310215308
2008-01-31,13261.8,13279.5,11634.8,12650.4,7460161180
2008-02-29,12638.2,12767.7,12069.5,12266.4,5720312149
2008-03-31,12264.4,12622.1,11731.6,12262.9,6229040094
2008-04-30,12266.6,13010,12266.5,12820.1,5050271711
2008-05-31,12818.3,13136.7,12442.6,12638.3,4530751187
2008-06-30,12637.7,12638.1,11287.5,11350,5309734405
2008-07-31,11344.6,11698.2,10827.7,11378,5551882519
2008-08-31,11379.9,11867.1,11221.5,11543.5,3578429281
2008-09-30,11545.6,11790.2,10365.5,10850.7,6302498308
2008-10-31,10847.4,10882.5,7882.51,9325.01,8310911256
2008-11-30,9326.04,9651.01,7449.38,8829.04,6262999175
2008-12-31,8826.89,9026.41,8141.04,8776.39,5701920643
2009-01-31,8772.25,9088.06,7909.03,8000.86,6262024516
2009-02-28,8000.62,8315.07,7033.62,7062.93,7134325266
2009-03-31,7056.48,7930.69,6469.95,7608.92,10560987670
2009-04-30,7606.13,8307.51,7483.87,8168.12,7796210982
2009-05-31,8167.41,8591.93,8099.31,8500.33,6734590926
2009-06-30,8501.53,8877.93,8259.43,8447,5524996371
2009-07-31,8447.53,9246.43,8087.19,9171.61,4902168304
2009-08-31,9173.65,9628.77,9116.52,9496.28,4041873279
2009-09-30,9492.32,9917.99,9252.93,9712.28,4478156191
2009-10-31,9711.6,10119.5,9430.46,9712.73,5150995259
2009-11-30,9712.13,10495.6,9678.95,10344.8,3813462910
2009-12-31,10343.8,10580.3,10235.6,10428,4174016486
2010-01-31,10430.7,10729.8,10043.8,10067.3,4424976920
2010-02-28,10069,10438.5,9835.09,10325.3,4280301936
2010-03-31,10326.1,10955.5,10326.1,10856.6,4388194590
2010-04-30,10857.3,11258,10844.1,11008.6,4237761719
2010-05-31,11009.6,11177.7,9774.48,10136.6,5605835159
2010-06-30,10133.9,10594.2,9753.84,9774.02,4941913599
2010-07-31,9773.27,10585,9614.32,10465.9,4243190294
2010-08-31,10468.8,10719.94,9936.62,10014.72,4117815016
2010-09-30,10016.01,10948.88,10016.01,10788.05,3764654995
2010-10-31,10789.72,11247.6,10711.12,11118.49,3787436937
2010-11-30,11120.3,11451.53,10929.28,11006.02,3808393957
2010-12-31,11007.23,11625,11007.23,11577.51,3253037832
2011-01-31,11577.43,12020.52,11573.87,11891.93,3681874673
2011-02-28,11892.5,12391.29,11892.5,12226.34,3220274595
2011-03-31,12226.49,12383.46,11555.48,12319.73,3851726443
2011-04-30,12321.02,12832.83,12093.89,12810.54,3321261092
2011-05-31,12810.16,12876,12309.52,12569.79,3577887350
2011-06-30,12569.41,12569.49,11862.53,12414.34,3876328972
2011-07-31,12412.07,12753.89,12083.45,12143.24,3092618861
2011-08-31,12144.22,12282.42,10604.07,11613.53,6203335279
2011-09-30,11613.3,11716.84,10597.14,10913.38,4396359216
2011-10-31,10912.1,12284.31,10404.49,11955.01,3907337932
2011-11-30,11951.53,12187.51,11231.56,12045.68,3263485269
2011-12-31,12046.21,12328.47,11735.19,12217.56,3071530504
2012-01-31,12221.19,12841.95,12221.19,12632.91,2980935108
2012-02-29,12632.76,13055.75,12632.76,12952.07,2712584470
2012-03-31,12952.29,13289.08,12734.86,13212.04,3203083976
2012-04-30,13211.36,13297.11,12710.56,13213.63,2575065346
2012-05-31,13214.16,13338.66,12311.56,12393.45,3050435743
2012-06-30,12391.56,12898.94,12035.09,12880.09,2923564155
2012-07-31,12879.71,13128.64,12492.25,13008.68,2577882180
2012-08-31,13007.47,13330.76,12778.9,13090.84,2267088383
2012-09-30,13092.15,13653.24,12977.09,13437.13,2701412647
2012-10-31,13437.66,13661.87,13039.86,13096.46,2472773105
2012-11-30,13099.19,13290.75,12471.49,13025.58,2683764102
2012-12-31,13027.73,13365.86,12883.89,13104.14,2666671557
2013-01-31,13104.3,13969.99,13104.3,13860.58,2786456680
2013-02-28,13860.58,14149.15,13784.01,14054.49,2487241869
2013-03-31,14054.49,14585.1,13937.6,14578.54,2546488050
2013-04-30,14578.54,14887.51,14434.43,14839.8,2920531770
2013-05-31,14839.8,15542.4,14687.05,15115.57,2771688643
2013-06-30,15123.55,15340.09,14551.27,14909.6,2929249978
2013-07-31,14911.6,15634.32,14858.93,15499.54,2622878858
2013-08-31,15503.85,15658.43,14760.41,14810.31,2327544577
2013-09-30,14801.55,15709.58,14777.48,15129.67,2371720939
2013-10-31,15132.49,15721,14719.43,15545.75,2206344790
2013-11-30,15558.01,16174.51,15522.18,16086.41,1820207006
2013-12-31,16087.12,16588.25,15703.79,16576.66,2057420883
2014-01-31,16572.17,16573.07,15617.55,15698.85,2177151828
2014-02-28,15697.69,16398.95,15340.69,16321.71,2067904221
2014-03-31,16321.71,16505.7,16046.99,16457.66,2095904932
2014-04-30,16457.66,16631.47,16015.32,16580.84,1987129385
2014-05-31,16580.84,16735.35,16341.43,16705.45,1643139156
2014-06-30,16705.45,16977.85,16674.23,16826.6,1755275628
2014-07-31,16826.6,17151.36,16563.3,16563.3,1690749366
2014-08-31,16563.3,17153.8,16334.67,17098.45,1482576217
2014-09-30,17098.45,17350.64,16934.43,17042.9,1870490414
2014-10-31,17040.46,17395.54,15855.12,17390.52,2903206632
2014-11-30,17390.9,17894.83,17278.36,17828.24,1516427467
2014-12-31,17827.27,18103.45,17067.59,17823.07,2216951201
2015-01-31,17823.07,17951.78,17136.3,17164.95,2173202910
2015-02-28,17169.99,18244.38,17037.76,18132.7,1751218583
2015-03-31,18134.05,18288.63,17579.27,17776.12,2470682017
2015-04-30,17778.52,18175.56,17585.01,17840.52,2175272088
2015-05-31,17859.27,18351.36,17733.12,18010.68,1832309213
2015-06-30,18017.82,18188.81,17576.5,17619.51,2219116304
2015-07-31,17638.12,18137.12,17399.17,17689.86,2034088475
2015-08-31,17696.74,17704.76,15370.33,16528.03,2726304703
2015-09-30,16528.03,16933.43,15942.37,16284.7,2723820869
2015-10-31,16278.62,17799.96,16013.66,17663.54,2605687461
2015-11-30,17672.62,17977.85,17210.43,17719.92,2334861612
2015-12-31,17719.72,17901.58,17116.73,17425.03,2521879871
2016-01-31,17405.48,17405.48,15450.56,16466.3,2844197494
2016-02-29,16453.63,16795.98,15503.01,16516.5,2491661143
2016-03-31,16545.67,17790.11,16545.67,17685.09,2407816982
2016-04-30,17661.74,18167.63,17484.23,17773.64,2096328747
2016-05-31,17783.78,17934.61,17331.07,17787.2,1879054637
2016-06-30,17754.55,18016,17063.08,17929.99,2350016766
2016-07-31,17924.24,18622.01,17713.45,18432.24,1816663018
2016-08-31,18434.5,18668.44,18247.79,18400.88,1695735389
2016-09-30,18396.57,18551.54,17992.21,18308.15,2101306923
2016-10-31,18279.6,18399.96,17959.95,18142.42,1793666835
2016-11-30,18158.24,19225.29,17883.56,19123.58,2107700671
2016-12-31,19149.2,19987.63,19138.79,19762.6,5952507426
2017-01-31,19872.86,20125.58,19677.94,19864.09,6482691463
2017-02-28,19923.81,20851.33,19831.09,20812.24,6185383273
2017-03-31,20957.29,21169.11,20412.8,20663.22,6942035108
2017-04-30,20665.17,21070.9,20379.55,20940.51,5392201255
2017-05-31,20962.73,21112.32,20553.45,21008.65,6613308882
2017-06-30,21030.55,21535.03,20994.22,21349.63,7214882468
2017-07-31,21392.3,21929.8,21279.3,21891.12,5569514537
2017-08-31,21961.42,22179.11,21600.34,21948.1,6150479176
2017-09-30,21981.77,22419.51,21709.63,22405.09,6341940955
2017-10-31,22423.47,23485.25,22416,23377.24,7302959733
2017-11-30,23442.9,24327.82,23242.75,24272.35,7335703657
2017-12-31,24305.4,24876.07,23921.9,24719.22,6590368516
2018-01-31,24809.35,26616.71,24741.7,26149.39,9117126283
2018-02-28,26083.04,26306.7,23360.29,25029.2,9450180054
2018-03-31,25024.04,25449.15,23509.06,24103.11,8873069419
2018-04-30,24076.6,24858.97,23344.52,24163.15,8064508838
2018-05-31,24117.29,25086.49,23531.31,24415.84,7278276865
2018-06-30,24542.09,25402.83,23997.21,24271.41,7411592082
2018-07-31,24161.53,25587.24,24077.56,25415.19,5408108334
2018-08-31,25461.63,26167.94,24965.77,25964.82,5635841471
2018-09-30,25916.07,26769.16,25754.32,26458.31,5262401382
2018-10-31,26598.36,26951.81,24122.23,25115.76,8373022849
2018-11-30,25142.08,26277.82,24268.74,25538.46,7227061516
2018-12-31,25779.57,25980.21,21712.53,23327.46,8101606648
2019-01-31,23058.61,25109.62,22638.41,24999.67,7188517750
2019-02-28,25025.31,26241.42,24883.04,25916,5434270409
2019-03-31,26019.67,26155.98,25208,25928.68,6733746763
2019-04-30,26075.1,26695.96,26062.59,26592.91,5854771710
2019-05-31,26639.06,26689.39,24809.51,24815.04,6358179063
2019-06-30,24830.16,26907.37,24680.57,26599.96,5544402249
2019-07-31,26805.86,27398.68,26616.21,26864.27,5207435889
2019-08-31,26879.86,27175.59,25339.6,26403.28,8171860345
2019-09-30,26198.26,27306.73,25978.22,26916.83,5045377658
2019-10-31,26962.54,27204.36,25743.46,27046.23,5661254779
2019-11-30,27142.95,28174.97,27142.95,28051.41,4925331913
2019-12-31,28109.74,28701.66,27325.13,28538.44,5081563145
2020-01-31,28638.97,29373.62,28169.53,28256.03,6170586773
2020-02-29,28319.65,29568.57,24681.01,25409.36,6991756038
2020-03-31,25590.51,27102.34,18213.65,21917.16,15521412270
2020-04-30,21227.38,24764.77,20735.02,24345.72,9795505862
2020-05-31,24120.78,25758.79,22789.62,25383.11,7803019742
2020-06-30,25342.99,27580.21,24843.18,25812.88,9780430980
2020-07-31,25879.38,27071.33,25523.51,26428.32,8309955277
2020-08-31,26542.32,28733.35,26534.38,28430.05,7578794030
2020-09-30,28439.61,29199.35,26537.01,27781.7,11075015810
2020-10-31,27940.63,28957.9,26143.77,26501.6,9685912322
2020-11-30,26691.28,30116.51,26691.28,29638.64,9628608626
2020-12-31,29797.5,30637.47,29599.29,30606.48,9749129172
2021-01-31,30627.47,31272.22,29856.3,29982.62,9455178658
2021-02-28,30054.73,32009.64,30014.97,30932.37,7938576826
2021-03-31,31065.9,33259,30547.53,32981.55,11167708465
2021-04-30,33054.58,34256.75,32985.35,33874.85,7883249754
2021-05-31,33904.89,35091.56,33473.8,34529.45,7635879080
2021-06-30,34584.19,34849.32,33271.93,34502.51,7754437554
2021-07-31,34507.32,35171.52,33741.76,34935.47,7572063246
2021-08-31,34968.56,35631.19,34690.25,35360.73,6961647294
2021-09-30,35387.55,35475.4,33613.03,33843.92,7629269442
2021-10-31,33930.7,35892.92,33785.54,35819.56,7627719245
2021-11-30,35833.65,36565.73,34424.44,34483.72,8589635654
2021-12-31,34678.94,36679.44,34006.98,36338.3,9793777705
2022-01-31,36321.59,36952.65,33150.33,35131.86,10200495990
2022-02-28,35151.47,35824.28,32272.64,33892.6,8540701409
2022-03-31,33813.48,35372.26,32578.73,34678.35,10655897184
2022-04-30,34740.89,35521,32913.15,32977.21,8085232287
2022-05-31,32978.49,34117.74,30635.76,32990.12,10056943473
2022-06-30,33156.31,33272.34,29653.29,30775.43,8599858300
2022-07-31,30737.77,32910.18,30143.93,32845.13,6767193968
2022-08-31,32755.71,34281.36,31509.59,31510.43,7040853951
2022-09-30,31454.58,32504.04,28715.85,28725.51,7854733761.7403
2022-10-31,28855.25,32889.81,28660.94,32732.95,7849349798
2022-11-30,32862.79,34589.77,31727.05,34589.77,7326438094
2022-12-31,34533.59,34712.28,32573.43,33147.61,6940722993
2023-01-31,33148.9,34342.32,32812.33,34086.04,6848783506
2023-02-28,34039.6,34334.7,32636.43,32656.7,6186548652
2023-03-31,32656.37,33572.22,31429.82,33274.15,8168957927
2023-04-30,33245.78,34104.56,33235.85,34101.46,5022781775
2023-05-31,34116.81,34257.83,32586.56,32908.27,6413933312
2023-06-30,32929.85,34588.68,32704.51,33926.74,6138232375
